id;user_id;action;time;response;anonym
1;0;first_visit;2025-02-01 01:12:00;Успешно!;1
2;0;first_visit;2025-02-01 10:54:00;Успешно!;1
3;0;first_visit;2025-02-01 22:35:00;Успешно!;1
4;0;first_visit;2025-02-01 12:41:00;Успешно!;1
5;0;first_visit;2025-02-01 03:33:00;Успешно!;1
6;0;first_visit;2025-02-01 17:50:00;Успешно!;1
7;0;first_visit;2025-02-01 03:12:00;Успешно!;1
8;0;first_visit;2025-02-01 17:18:00;Успешно!;1
9;0;first_visit;2025-02-01 03:32:00;Успешно!;1
10;0;first_visit;2025-02-01 01:27:00;Успешно!;1
11;0;registration;2025-02-01 17:12:00;Успешно!;1
12;0;registration;2025-02-01 22:35:00;Успешно!;1
13;0;registration;2025-02-01 22:57:00;Успешно!;1
14;0;registration;2025-02-01 22:09:00;Успешно!;1
15;0;registration;2025-02-01 17:54:00;Успешно!;1
16;0;registration;2025-02-01 21:21:00;Успешно!;1
17;0;registration;2025-02-01 03:37:00;Успешно!;1
18;0;registration;2025-02-01 09:31:00;Успешно!;1
19;18;login;2025-02-01 18:46:00;Успешно!;0
20;5;login;2025-02-01 20:37:00;Успешно!;0
21;16;login;2025-02-01 04:47:00;Успешно!;0
22;1;login;2025-02-01 21:17:00;Успешно!;0
23;8;login;2025-02-01 11:14:00;Успешно!;0
24;17;login;2025-02-01 22:38:00;Успешно!;0
25;7;logout;2025-02-01 12:59:00;Успешно!;0
26;17;logout;2025-02-01 12:10:00;Успешно!;0
27;18;logout;2025-02-01 08:22:00;Успешно!;0
28;2;logout;2025-02-01 18:18:00;Успешно!;0
29;16;logout;2025-02-01 06:20:00;Успешно!;0
30;18;logout;2025-02-01 01:06:00;Успешно!;0
31;9;logout;2025-02-01 07:56:00;Успешно!;0
32;13;logout;2025-02-01 02:05:00;Успешно!;0
33;0;create_theme;2025-02-01 21:37:00;Ошибка создания темы по причине отсутствия логина;1
34;0;create_theme;2025-02-01 20:07:00;Ошибка создания темы по причине отсутствия логина;1
35;20;create_theme;2025-02-01 06:24:00;Успешно!;0
36;5;create_theme;2025-02-01 17:59:00;Успешно!;0
37;13;create_theme;2025-02-01 07:44:00;Успешно!;0
38;16;create_theme;2025-02-01 06:19:00;Успешно!;0
39;6;create_theme;2025-02-01 19:14:00;Успешно!;0
40;9;create_theme;2025-02-01 06:25:00;Успешно!;0
41;14;create_theme;2025-02-01 20:03:00;Успешно!;0
42;2;create_theme;2025-02-01 15:56:00;Успешно!;0
43;18;create_theme;2025-02-01 13:45:00;Успешно!;0
44;13;create_theme;2025-02-01 02:35:00;Успешно!;0
45;0;view_theme;2025-02-01 01:12:00;Успешно!;1
46;9;view_theme;2025-02-01 07:17:00;Успешно!;0
47;1;view_theme;2025-02-01 08:21:00;Успешно!;0
48;9;view_theme;2025-02-01 21:20:00;Успешно!;0
49;7;view_theme;2025-02-01 13:14:00;Успешно!;0
50;0;view_theme;2025-02-01 21:00:00;Успешно!;1
51;0;view_theme;2025-02-01 08:09:00;Успешно!;1
52;0;view_theme;2025-02-01 04:47:00;Успешно!;1
53;20;delete_theme;2025-02-01 18:10:00;Успешно!;0
54;8;delete_theme;2025-02-01 11:45:00;Успешно!;0
55;14;delete_theme;2025-02-01 01:21:00;Успешно!;0
56;20;delete_theme;2025-02-01 11:41:00;Успешно!;0
57;15;delete_theme;2025-02-01 07:25:00;Успешно!;0
58;0;create_message;2025-02-01 02:46:00;Успешно!;1
59;0;create_message;2025-02-01 13:46:00;Успешно!;1
60;9;create_message;2025-02-01 23:12:00;Успешно!;0
61;0;create_message;2025-02-01 13:47:00;Успешно!;1
62;6;create_message;2025-02-01 18:25:00;Успешно!;0
63;0;first_visit;2025-02-02 09:00:00;Успешно!;1
64;0;first_visit;2025-02-02 06:00:00;Успешно!;1
65;0;first_visit;2025-02-02 18:40:00;Успешно!;1
66;0;first_visit;2025-02-02 15:06:00;Успешно!;1
67;0;first_visit;2025-02-02 08:49:00;Успешно!;1
68;0;first_visit;2025-02-02 12:02:00;Успешно!;1
69;0;first_visit;2025-02-02 21:08:00;Успешно!;1
70;0;first_visit;2025-02-02 04:49:00;Успешно!;1
71;0;registration;2025-02-02 22:06:00;Успешно!;1
72;0;registration;2025-02-02 01:59:00;Успешно!;1
73;0;registration;2025-02-02 11:43:00;Успешно!;1
74;0;registration;2025-02-02 14:33:00;Успешно!;1
75;0;registration;2025-02-02 14:34:00;Успешно!;1
76;0;registration;2025-02-02 14:00:00;Успешно!;1
77;0;registration;2025-02-02 19:51:00;Успешно!;1
78;0;registration;2025-02-02 22:29:00;Успешно!;1
79;1;login;2025-02-02 06:50:00;Успешно!;0
80;15;login;2025-02-02 11:18:00;Успешно!;0
81;21;login;2025-02-02 09:40:00;Успешно!;0
82;12;login;2025-02-02 10:20:00;Успешно!;0
83;11;login;2025-02-02 08:43:00;Успешно!;0
84;2;login;2025-02-02 10:27:00;Успешно!;0
85;10;login;2025-02-02 11:38:00;Успешно!;0
86;2;logout;2025-02-02 02:07:00;Успешно!;0
87;5;logout;2025-02-02 10:07:00;Успешно!;0
88;18;logout;2025-02-02 06:04:00;Успешно!;0
89;12;logout;2025-02-02 20:32:00;Успешно!;0
90;16;logout;2025-02-02 20:18:00;Успешно!;0
91;16;logout;2025-02-02 09:11:00;Успешно!;0
92;1;logout;2025-02-02 11:00:00;Успешно!;0
93;12;logout;2025-02-02 23:31:00;Успешно!;0
94;5;logout;2025-02-02 14:53:00;Успешно!;0
95;0;create_theme;2025-02-02 09:24:00;Ошибка создания темы по причине отсутствия логина;1
96;0;create_theme;2025-02-02 05:02:00;Ошибка создания темы по причине отсутствия логина;1
97;18;create_theme;2025-02-02 03:19:00;Успешно!;0
98;15;create_theme;2025-02-02 19:19:00;Успешно!;0
99;7;create_theme;2025-02-02 12:36:00;Успешно!;0
100;18;create_theme;2025-02-02 10:54:00;Успешно!;0
101;5;create_theme;2025-02-02 19:22:00;Успешно!;0
102;11;create_theme;2025-02-02 23:33:00;Успешно!;0
103;1;view_theme;2025-02-02 16:35:00;Успешно!;0
104;0;view_theme;2025-02-02 19:04:00;Успешно!;1
105;17;view_theme;2025-02-02 05:26:00;Успешно!;0
106;0;view_theme;2025-02-02 23:46:00;Успешно!;1
107;0;view_theme;2025-02-02 04:35:00;Успешно!;1
108;0;view_theme;2025-02-02 16:53:00;Успешно!;1
109;11;view_theme;2025-02-02 01:05:00;Успешно!;0
110;0;view_theme;2025-02-02 23:13:00;Успешно!;1
111;18;delete_theme;2025-02-02 23:58:00;Успешно!;0
112;19;delete_theme;2025-02-02 23:06:00;Успешно!;0
113;9;delete_theme;2025-02-02 00:50:00;Успешно!;0
114;19;delete_theme;2025-02-02 03:38:00;Успешно!;0
115;17;delete_theme;2025-02-02 07:23:00;Успешно!;0
116;12;delete_theme;2025-02-02 16:29:00;Успешно!;0
117;7;delete_theme;2025-02-02 15:23:00;Успешно!;0
118;15;delete_theme;2025-02-02 07:11:00;Успешно!;0
119;5;delete_theme;2025-02-02 19:15:00;Успешно!;0
120;16;delete_theme;2025-02-02 16:06:00;Успешно!;0
121;16;create_message;2025-02-02 01:16:00;Успешно!;0
122;0;create_message;2025-02-02 19:49:00;Успешно!;1
123;0;create_message;2025-02-02 00:39:00;Успешно!;1
124;0;create_message;2025-02-02 14:29:00;Успешно!;1
125;0;create_message;2025-02-02 22:42:00;Успешно!;1
126;5;create_message;2025-02-02 16:50:00;Успешно!;0
127;0;first_visit;2025-02-03 18:11:00;Успешно!;1
128;0;first_visit;2025-02-03 23:06:00;Успешно!;1
129;0;first_visit;2025-02-03 02:25:00;Успешно!;1
130;0;first_visit;2025-02-03 10:56:00;Успешно!;1
131;0;first_visit;2025-02-03 07:59:00;Успешно!;1
132;0;first_visit;2025-02-03 02:30:00;Успешно!;1
133;0;first_visit;2025-02-03 21:28:00;Успешно!;1
134;0;registration;2025-02-03 22:18:00;Успешно!;1
135;0;registration;2025-02-03 04:16:00;Успешно!;1
136;0;registration;2025-02-03 21:27:00;Успешно!;1
137;0;registration;2025-02-03 08:22:00;Успешно!;1
138;0;registration;2025-02-03 07:38:00;Успешно!;1
139;0;registration;2025-02-03 21:12:00;Успешно!;1
140;0;registration;2025-02-03 02:10:00;Успешно!;1
141;10;login;2025-02-03 22:05:00;Успешно!;0
142;20;login;2025-02-03 06:11:00;Успешно!;0
143;8;login;2025-02-03 10:04:00;Успешно!;0
144;7;login;2025-02-03 10:36:00;Успешно!;0
145;20;login;2025-02-03 15:04:00;Успешно!;0
146;2;login;2025-02-03 21:43:00;Успешно!;0
147;9;logout;2025-02-03 06:12:00;Успешно!;0
148;2;logout;2025-02-03 13:00:00;Успешно!;0
149;10;logout;2025-02-03 02:07:00;Успешно!;0
150;12;logout;2025-02-03 05:13:00;Успешно!;0
151;8;logout;2025-02-03 23:03:00;Успешно!;0
152;21;logout;2025-02-03 07:57:00;Успешно!;0
153;3;logout;2025-02-03 06:48:00;Успешно!;0
154;21;logout;2025-02-03 21:10:00;Успешно!;0
155;7;logout;2025-02-03 01:11:00;Успешно!;0
156;0;create_theme;2025-02-03 05:06:00;Ошибка создания темы по причине отсутствия логина;1
157;0;create_theme;2025-02-03 15:32:00;Ошибка создания темы по причине отсутствия логина;1
158;16;create_theme;2025-02-03 03:39:00;Успешно!;0
159;9;create_theme;2025-02-03 23:43:00;Успешно!;0
160;19;create_theme;2025-02-03 13:26:00;Успешно!;0
161;4;create_theme;2025-02-03 19:20:00;Успешно!;0
162;20;create_theme;2025-02-03 17:35:00;Успешно!;0
163;5;create_theme;2025-02-03 04:36:00;Успешно!;0
164;14;create_theme;2025-02-03 11:44:00;Успешно!;0
165;4;create_theme;2025-02-03 10:52:00;Успешно!;0
166;21;view_theme;2025-02-03 12:45:00;Успешно!;0
167;0;view_theme;2025-02-03 00:20:00;Успешно!;1
168;16;view_theme;2025-02-03 02:37:00;Успешно!;0
169;9;view_theme;2025-02-03 18:28:00;Успешно!;0
170;20;view_theme;2025-02-03 01:06:00;Успешно!;0
171;18;delete_theme;2025-02-03 20:24:00;Успешно!;0
172;8;delete_theme;2025-02-03 14:13:00;Успешно!;0
173;8;delete_theme;2025-02-03 10:13:00;Успешно!;0
174;8;delete_theme;2025-02-03 03:41:00;Успешно!;0
175;7;delete_theme;2025-02-03 07:31:00;Успешно!;0
176;7;delete_theme;2025-02-03 14:31:00;Успешно!;0
177;5;delete_theme;2025-02-03 05:51:00;Успешно!;0
178;12;delete_theme;2025-02-03 22:07:00;Успешно!;0
179;8;delete_theme;2025-02-03 01:25:00;Успешно!;0
180;0;create_message;2025-02-03 17:07:00;Успешно!;1
181;0;create_message;2025-02-03 13:21:00;Успешно!;1
182;11;create_message;2025-02-03 17:46:00;Успешно!;0
183;0;create_message;2025-02-03 19:23:00;Успешно!;1
184;1;create_message;2025-02-03 18:02:00;Успешно!;0
185;0;create_message;2025-02-03 11:36:00;Успешно!;1
186;10;create_message;2025-02-03 04:11:00;Успешно!;0
187;18;create_message;2025-02-03 08:05:00;Успешно!;0
188;0;first_visit;2025-02-04 19:56:00;Успешно!;1
189;0;first_visit;2025-02-04 06:07:00;Успешно!;1
190;0;first_visit;2025-02-04 23:06:00;Успешно!;1
191;0;first_visit;2025-02-04 03:37:00;Успешно!;1
192;0;first_visit;2025-02-04 09:02:00;Успешно!;1
193;0;first_visit;2025-02-04 21:46:00;Успешно!;1
194;0;first_visit;2025-02-04 13:52:00;Успешно!;1
195;0;registration;2025-02-04 22:26:00;Успешно!;1
196;0;registration;2025-02-04 13:02:00;Успешно!;1
197;0;registration;2025-02-04 16:21:00;Успешно!;1
198;0;registration;2025-02-04 23:11:00;Успешно!;1
199;0;registration;2025-02-04 06:33:00;Успешно!;1
200;0;registration;2025-02-04 00:52:00;Успешно!;1
201;0;registration;2025-02-04 19:27:00;Успешно!;1
202;0;registration;2025-02-04 15:05:00;Успешно!;1
203;0;registration;2025-02-04 21:36:00;Успешно!;1
204;0;registration;2025-02-04 08:24:00;Успешно!;1
205;16;login;2025-02-04 08:25:00;Успешно!;0
206;21;login;2025-02-04 04:19:00;Успешно!;0
207;1;login;2025-02-04 14:00:00;Успешно!;0
208;5;login;2025-02-04 02:12:00;Успешно!;0
209;9;login;2025-02-04 03:51:00;Успешно!;0
210;1;logout;2025-02-04 05:34:00;Успешно!;0
211;10;logout;2025-02-04 23:10:00;Успешно!;0
212;20;logout;2025-02-04 07:05:00;Успешно!;0
213;14;logout;2025-02-04 15:04:00;Успешно!;0
214;1;logout;2025-02-04 22:39:00;Успешно!;0
215;10;logout;2025-02-04 01:12:00;Успешно!;0
216;21;logout;2025-02-04 22:07:00;Успешно!;0
217;0;create_theme;2025-02-04 01:37:00;Ошибка создания темы по причине отсутствия логина;1
218;0;create_theme;2025-02-04 06:19:00;Ошибка создания темы по причине отсутствия логина;1
219;13;create_theme;2025-02-04 22:40:00;Успешно!;0
220;13;create_theme;2025-02-04 10:19:00;Успешно!;0
221;12;create_theme;2025-02-04 14:09:00;Успешно!;0
222;9;create_theme;2025-02-04 06:18:00;Успешно!;0
223;10;create_theme;2025-02-04 13:53:00;Успешно!;0
224;15;create_theme;2025-02-04 09:06:00;Успешно!;0
225;14;create_theme;2025-02-04 18:09:00;Успешно!;0
226;0;view_theme;2025-02-04 14:11:00;Успешно!;1
227;0;view_theme;2025-02-04 09:56:00;Успешно!;1
228;12;view_theme;2025-02-04 11:41:00;Успешно!;0
229;5;view_theme;2025-02-04 03:07:00;Успешно!;0
230;20;view_theme;2025-02-04 12:23:00;Успешно!;0
231;5;delete_theme;2025-02-04 00:54:00;Успешно!;0
232;9;delete_theme;2025-02-04 13:26:00;Успешно!;0
233;4;delete_theme;2025-02-04 15:28:00;Успешно!;0
234;7;delete_theme;2025-02-04 20:13:00;Успешно!;0
235;10;delete_theme;2025-02-04 01:19:00;Успешно!;0
236;3;create_message;2025-02-04 21:17:00;Успешно!;0
237;13;create_message;2025-02-04 20:11:00;Успешно!;0
238;2;create_message;2025-02-04 15:23:00;Успешно!;0
239;0;create_message;2025-02-04 16:35:00;Успешно!;1
240;16;create_message;2025-02-04 03:56:00;Успешно!;0
241;0;create_message;2025-02-04 20:08:00;Успешно!;1
242;0;create_message;2025-02-04 07:51:00;Успешно!;1
243;0;create_message;2025-02-04 23:29:00;Успешно!;1
244;0;create_message;2025-02-04 16:13:00;Успешно!;1
245;0;first_visit;2025-02-05 08:12:00;Успешно!;1
246;0;first_visit;2025-02-05 03:52:00;Успешно!;1
247;0;first_visit;2025-02-05 21:08:00;Успешно!;1
248;0;first_visit;2025-02-05 22:15:00;Успешно!;1
249;0;first_visit;2025-02-05 22:34:00;Успешно!;1
250;0;first_visit;2025-02-05 20:04:00;Успешно!;1
251;0;first_visit;2025-02-05 10:23:00;Успешно!;1
252;0;first_visit;2025-02-05 01:03:00;Успешно!;1
253;0;registration;2025-02-05 21:45:00;Успешно!;1
254;0;registration;2025-02-05 11:11:00;Успешно!;1
255;0;registration;2025-02-05 01:02:00;Успешно!;1
256;0;registration;2025-02-05 09:10:00;Успешно!;1
257;0;registration;2025-02-05 04:06:00;Успешно!;1
258;0;registration;2025-02-05 20:05:00;Успешно!;1
259;4;login;2025-02-05 01:31:00;Успешно!;0
260;10;login;2025-02-05 08:07:00;Успешно!;0
261;20;login;2025-02-05 21:40:00;Успешно!;0
262;7;login;2025-02-05 11:57:00;Успешно!;0
263;3;login;2025-02-05 22:09:00;Успешно!;0
264;10;login;2025-02-05 16:37:00;Успешно!;0
265;8;login;2025-02-05 11:19:00;Успешно!;0
266;1;login;2025-02-05 22:54:00;Успешно!;0
267;14;logout;2025-02-05 20:41:00;Успешно!;0
268;6;logout;2025-02-05 19:27:00;Успешно!;0
269;14;logout;2025-02-05 22:58:00;Успешно!;0
270;14;logout;2025-02-05 23:57:00;Успешно!;0
271;6;logout;2025-02-05 04:48:00;Успешно!;0
272;0;create_theme;2025-02-05 09:28:00;Ошибка создания темы по причине отсутствия логина;1
273;0;create_theme;2025-02-05 17:44:00;Ошибка создания темы по причине отсутствия логина;1
274;18;create_theme;2025-02-05 09:29:00;Успешно!;0
275;18;create_theme;2025-02-05 00:02:00;Успешно!;0
276;13;create_theme;2025-02-05 15:25:00;Успешно!;0
277;11;create_theme;2025-02-05 07:18:00;Успешно!;0
278;21;create_theme;2025-02-05 05:50:00;Успешно!;0
279;8;create_theme;2025-02-05 20:05:00;Успешно!;0
280;3;create_theme;2025-02-05 21:21:00;Успешно!;0
281;6;create_theme;2025-02-05 07:29:00;Успешно!;0
282;20;create_theme;2025-02-05 11:25:00;Успешно!;0
283;17;view_theme;2025-02-05 02:06:00;Успешно!;0
284;0;view_theme;2025-02-05 15:59:00;Успешно!;1
285;15;view_theme;2025-02-05 03:37:00;Успешно!;0
286;14;view_theme;2025-02-05 01:34:00;Успешно!;0
287;0;view_theme;2025-02-05 23:23:00;Успешно!;1
288;20;view_theme;2025-02-05 05:47:00;Успешно!;0
289;5;delete_theme;2025-02-05 16:29:00;Успешно!;0
290;8;delete_theme;2025-02-05 08:32:00;Успешно!;0
291;7;delete_theme;2025-02-05 09:06:00;Успешно!;0
292;21;delete_theme;2025-02-05 10:33:00;Успешно!;0
293;3;delete_theme;2025-02-05 16:12:00;Успешно!;0
294;8;delete_theme;2025-02-05 06:13:00;Успешно!;0
295;9;delete_theme;2025-02-05 03:49:00;Успешно!;0
296;16;delete_theme;2025-02-05 21:05:00;Успешно!;0
297;15;delete_theme;2025-02-05 11:36:00;Успешно!;0
298;13;create_message;2025-02-05 09:23:00;Успешно!;0
299;0;create_message;2025-02-05 02:22:00;Успешно!;1
300;10;create_message;2025-02-05 11:21:00;Успешно!;0
301;0;create_message;2025-02-05 21:45:00;Успешно!;1
302;14;create_message;2025-02-05 21:56:00;Успешно!;0
303;0;first_visit;2025-02-06 15:56:00;Успешно!;1
304;0;first_visit;2025-02-06 20:59:00;Успешно!;1
305;0;first_visit;2025-02-06 00:26:00;Успешно!;1
306;0;first_visit;2025-02-06 12:58:00;Успешно!;1
307;0;first_visit;2025-02-06 05:19:00;Успешно!;1
308;0;registration;2025-02-06 12:32:00;Успешно!;1
309;0;registration;2025-02-06 15:26:00;Успешно!;1
310;0;registration;2025-02-06 05:13:00;Успешно!;1
311;0;registration;2025-02-06 01:01:00;Успешно!;1
312;0;registration;2025-02-06 02:34:00;Успешно!;1
313;0;registration;2025-02-06 02:47:00;Успешно!;1
314;0;registration;2025-02-06 03:35:00;Успешно!;1
315;0;registration;2025-02-06 19:31:00;Успешно!;1
316;0;registration;2025-02-06 05:11:00;Успешно!;1
317;0;registration;2025-02-06 16:57:00;Успешно!;1
318;8;login;2025-02-06 17:30:00;Успешно!;0
319;6;login;2025-02-06 16:22:00;Успешно!;0
320;7;login;2025-02-06 12:24:00;Успешно!;0
321;1;login;2025-02-06 02:06:00;Успешно!;0
322;7;login;2025-02-06 04:12:00;Успешно!;0
323;12;login;2025-02-06 13:27:00;Успешно!;0
324;11;login;2025-02-06 23:00:00;Успешно!;0
325;20;logout;2025-02-06 23:43:00;Успешно!;0
326;1;logout;2025-02-06 20:01:00;Успешно!;0
327;6;logout;2025-02-06 22:32:00;Успешно!;0
328;4;logout;2025-02-06 20:50:00;Успешно!;0
329;2;logout;2025-02-06 00:29:00;Успешно!;0
330;3;logout;2025-02-06 15:24:00;Успешно!;0
331;18;logout;2025-02-06 14:14:00;Успешно!;0
332;19;logout;2025-02-06 08:38:00;Успешно!;0
333;9;logout;2025-02-06 07:23:00;Успешно!;0
334;0;create_theme;2025-02-06 02:53:00;Ошибка создания темы по причине отсутствия логина;1
335;0;create_theme;2025-02-06 10:33:00;Ошибка создания темы по причине отсутствия логина;1
336;19;create_theme;2025-02-06 02:17:00;Успешно!;0
337;13;create_theme;2025-02-06 16:29:00;Успешно!;0
338;12;create_theme;2025-02-06 07:57:00;Успешно!;0
339;17;create_theme;2025-02-06 15:28:00;Успешно!;0
340;3;create_theme;2025-02-06 20:59:00;Успешно!;0
341;1;create_theme;2025-02-06 16:09:00;Успешно!;0
342;0;view_theme;2025-02-06 12:06:00;Успешно!;1
343;6;view_theme;2025-02-06 09:47:00;Успешно!;0
344;0;view_theme;2025-02-06 14:18:00;Успешно!;1
345;0;view_theme;2025-02-06 17:12:00;Успешно!;1
346;9;view_theme;2025-02-06 07:59:00;Успешно!;0
347;13;delete_theme;2025-02-06 03:01:00;Успешно!;0
348;6;delete_theme;2025-02-06 22:35:00;Успешно!;0
349;6;delete_theme;2025-02-06 04:21:00;Успешно!;0
350;8;delete_theme;2025-02-06 08:34:00;Успешно!;0
351;9;delete_theme;2025-02-06 02:57:00;Успешно!;0
352;21;delete_theme;2025-02-06 14:51:00;Успешно!;0
353;10;delete_theme;2025-02-06 11:42:00;Успешно!;0
354;1;delete_theme;2025-02-06 18:31:00;Успешно!;0
355;3;delete_theme;2025-02-06 01:37:00;Успешно!;0
356;13;delete_theme;2025-02-06 14:29:00;Успешно!;0
357;7;create_message;2025-02-06 19:46:00;Успешно!;0
358;15;create_message;2025-02-06 15:38:00;Успешно!;0
359;0;create_message;2025-02-06 23:27:00;Успешно!;1
360;0;create_message;2025-02-06 11:02:00;Успешно!;1
361;10;create_message;2025-02-06 10:17:00;Успешно!;0
362;0;create_message;2025-02-06 12:11:00;Успешно!;1
363;17;create_message;2025-02-06 18:01:00;Успешно!;0
364;21;create_message;2025-02-06 12:02:00;Успешно!;0
365;14;create_message;2025-02-06 22:34:00;Успешно!;0
366;15;create_message;2025-02-06 17:32:00;Успешно!;0
367;0;first_visit;2025-02-07 07:04:00;Успешно!;1
368;0;first_visit;2025-02-07 07:41:00;Успешно!;1
369;0;first_visit;2025-02-07 22:07:00;Успешно!;1
370;0;first_visit;2025-02-07 09:44:00;Успешно!;1
371;0;first_visit;2025-02-07 23:53:00;Успешно!;1
372;0;first_visit;2025-02-07 02:06:00;Успешно!;1
373;0;first_visit;2025-02-07 23:05:00;Успешно!;1
374;0;first_visit;2025-02-07 15:46:00;Успешно!;1
375;0;first_visit;2025-02-07 04:21:00;Успешно!;1
376;0;first_visit;2025-02-07 03:43:00;Успешно!;1
377;0;registration;2025-02-07 02:47:00;Успешно!;1
378;0;registration;2025-02-07 02:06:00;Успешно!;1
379;0;registration;2025-02-07 03:14:00;Успешно!;1
380;0;registration;2025-02-07 16:23:00;Успешно!;1
381;0;registration;2025-02-07 02:37:00;Успешно!;1
382;0;registration;2025-02-07 20:03:00;Успешно!;1
383;0;registration;2025-02-07 23:29:00;Успешно!;1
384;4;login;2025-02-07 03:35:00;Успешно!;0
385;18;login;2025-02-07 13:11:00;Успешно!;0
386;17;login;2025-02-07 13:29:00;Успешно!;0
387;16;login;2025-02-07 16:15:00;Успешно!;0
388;4;login;2025-02-07 17:59:00;Успешно!;0
389;8;login;2025-02-07 01:51:00;Успешно!;0
390;17;login;2025-02-07 07:00:00;Успешно!;0
391;1;login;2025-02-07 08:20:00;Успешно!;0
392;8;login;2025-02-07 07:15:00;Успешно!;0
393;9;login;2025-02-07 13:48:00;Успешно!;0
394;18;logout;2025-02-07 21:47:00;Успешно!;0
395;20;logout;2025-02-07 12:19:00;Успешно!;0
396;16;logout;2025-02-07 21:47:00;Успешно!;0
397;5;logout;2025-02-07 02:10:00;Успешно!;0
398;8;logout;2025-02-07 05:24:00;Успешно!;0
399;0;create_theme;2025-02-07 13:07:00;Ошибка создания темы по причине отсутствия логина;1
400;0;create_theme;2025-02-07 08:42:00;Ошибка создания темы по причине отсутствия логина;1
401;10;create_theme;2025-02-07 03:56:00;Успешно!;0
402;8;create_theme;2025-02-07 11:11:00;Успешно!;0
403;18;create_theme;2025-02-07 03:13:00;Успешно!;0
404;19;create_theme;2025-02-07 19:03:00;Успешно!;0
405;13;create_theme;2025-02-07 21:49:00;Успешно!;0
406;6;create_theme;2025-02-07 03:51:00;Успешно!;0
407;6;create_theme;2025-02-07 23:16:00;Успешно!;0
408;8;create_theme;2025-02-07 11:21:00;Успешно!;0
409;0;view_theme;2025-02-07 14:41:00;Успешно!;1
410;0;view_theme;2025-02-07 02:58:00;Успешно!;1
411;0;view_theme;2025-02-07 09:19:00;Успешно!;1
412;0;view_theme;2025-02-07 10:41:00;Успешно!;1
413;0;view_theme;2025-02-07 22:40:00;Успешно!;1
414;0;view_theme;2025-02-07 06:34:00;Успешно!;1
415;2;view_theme;2025-02-07 13:32:00;Успешно!;0
416;5;view_theme;2025-02-07 06:01:00;Успешно!;0
417;6;delete_theme;2025-02-07 05:04:00;Успешно!;0
418;4;delete_theme;2025-02-07 13:54:00;Успешно!;0
419;10;delete_theme;2025-02-07 06:06:00;Успешно!;0
420;8;delete_theme;2025-02-07 22:18:00;Успешно!;0
421;18;delete_theme;2025-02-07 19:57:00;Успешно!;0
422;6;delete_theme;2025-02-07 21:04:00;Успешно!;0
423;7;delete_theme;2025-02-07 11:52:00;Успешно!;0
424;12;delete_theme;2025-02-07 08:39:00;Успешно!;0
425;4;delete_theme;2025-02-07 11:18:00;Успешно!;0
426;0;create_message;2025-02-07 08:00:00;Успешно!;1
427;7;create_message;2025-02-07 22:07:00;Успешно!;0
428;0;create_message;2025-02-07 21:33:00;Успешно!;1
429;0;create_message;2025-02-07 09:34:00;Успешно!;1
430;0;create_message;2025-02-07 00:21:00;Успешно!;1
431;21;create_message;2025-02-07 05:43:00;Успешно!;0
432;0;first_visit;2025-02-08 15:19:00;Успешно!;1
433;0;first_visit;2025-02-08 09:19:00;Успешно!;1
434;0;first_visit;2025-02-08 03:39:00;Успешно!;1
435;0;first_visit;2025-02-08 06:00:00;Успешно!;1
436;0;first_visit;2025-02-08 03:58:00;Успешно!;1
437;0;first_visit;2025-02-08 19:06:00;Успешно!;1
438;0;first_visit;2025-02-08 04:20:00;Успешно!;1
439;0;registration;2025-02-08 15:53:00;Успешно!;1
440;0;registration;2025-02-08 01:32:00;Успешно!;1
441;0;registration;2025-02-08 13:44:00;Успешно!;1
442;0;registration;2025-02-08 15:21:00;Успешно!;1
443;0;registration;2025-02-08 21:39:00;Успешно!;1
444;0;registration;2025-02-08 14:15:00;Успешно!;1
445;1;login;2025-02-08 22:11:00;Успешно!;0
446;18;login;2025-02-08 07:21:00;Успешно!;0
447;17;login;2025-02-08 23:55:00;Успешно!;0
448;8;login;2025-02-08 06:43:00;Успешно!;0
449;10;login;2025-02-08 22:02:00;Успешно!;0
450;16;login;2025-02-08 10:54:00;Успешно!;0
451;7;login;2025-02-08 11:17:00;Успешно!;0
452;10;logout;2025-02-08 21:45:00;Успешно!;0
453;7;logout;2025-02-08 16:07:00;Успешно!;0
454;13;logout;2025-02-08 13:25:00;Успешно!;0
455;13;logout;2025-02-08 01:19:00;Успешно!;0
456;18;logout;2025-02-08 16:40:00;Успешно!;0
457;6;logout;2025-02-08 15:56:00;Успешно!;0
458;20;logout;2025-02-08 22:53:00;Успешно!;0
459;3;logout;2025-02-08 07:11:00;Успешно!;0
460;0;create_theme;2025-02-08 19:43:00;Ошибка создания темы по причине отсутствия логина;1
461;0;create_theme;2025-02-08 17:09:00;Ошибка создания темы по причине отсутствия логина;1
462;12;create_theme;2025-02-08 16:41:00;Успешно!;0
463;9;create_theme;2025-02-08 03:03:00;Успешно!;0
464;15;create_theme;2025-02-08 00:36:00;Успешно!;0
465;2;create_theme;2025-02-08 21:46:00;Успешно!;0
466;10;create_theme;2025-02-08 00:14:00;Успешно!;0
467;10;create_theme;2025-02-08 00:49:00;Успешно!;0
468;15;create_theme;2025-02-08 11:09:00;Успешно!;0
469;9;create_theme;2025-02-08 22:54:00;Успешно!;0
470;0;view_theme;2025-02-08 16:39:00;Успешно!;1
471;0;view_theme;2025-02-08 20:44:00;Успешно!;1
472;0;view_theme;2025-02-08 10:55:00;Успешно!;1
473;17;view_theme;2025-02-08 01:56:00;Успешно!;0
474;15;view_theme;2025-02-08 07:05:00;Успешно!;0
475;20;view_theme;2025-02-08 16:04:00;Успешно!;0
476;0;view_theme;2025-02-08 20:06:00;Успешно!;1
477;0;view_theme;2025-02-08 00:32:00;Успешно!;1
478;0;view_theme;2025-02-08 00:45:00;Успешно!;1
479;0;view_theme;2025-02-08 06:35:00;Успешно!;1
480;8;delete_theme;2025-02-08 12:08:00;Успешно!;0
481;12;delete_theme;2025-02-08 18:56:00;Успешно!;0
482;8;delete_theme;2025-02-08 15:23:00;Успешно!;0
483;9;delete_theme;2025-02-08 10:32:00;Успешно!;0
484;12;delete_theme;2025-02-08 11:03:00;Успешно!;0
485;12;delete_theme;2025-02-08 15:30:00;Успешно!;0
486;0;create_message;2025-02-08 21:46:00;Успешно!;1
487;13;create_message;2025-02-08 02:17:00;Успешно!;0
488;17;create_message;2025-02-08 18:46:00;Успешно!;0
489;13;create_message;2025-02-08 06:51:00;Успешно!;0
490;0;create_message;2025-02-08 15:20:00;Успешно!;1
491;10;create_message;2025-02-08 19:06:00;Успешно!;0
492;0;create_message;2025-02-08 05:10:00;Успешно!;1
493;0;first_visit;2025-02-09 18:28:00;Успешно!;1
494;0;first_visit;2025-02-09 22:06:00;Успешно!;1
495;0;first_visit;2025-02-09 21:06:00;Успешно!;1
496;0;first_visit;2025-02-09 08:14:00;Успешно!;1
497;0;first_visit;2025-02-09 01:21:00;Успешно!;1
498;0;registration;2025-02-09 08:48:00;Успешно!;1
499;0;registration;2025-02-09 07:25:00;Успешно!;1
500;0;registration;2025-02-09 16:54:00;Успешно!;1
501;0;registration;2025-02-09 07:06:00;Успешно!;1
502;0;registration;2025-02-09 11:54:00;Успешно!;1
503;0;registration;2025-02-09 02:44:00;Успешно!;1
504;17;login;2025-02-09 22:45:00;Успешно!;0
505;12;login;2025-02-09 03:26:00;Успешно!;0
506;19;login;2025-02-09 19:24:00;Успешно!;0
507;12;login;2025-02-09 02:21:00;Успешно!;0
508;19;login;2025-02-09 15:15:00;Успешно!;0
509;5;login;2025-02-09 23:03:00;Успешно!;0
510;13;login;2025-02-09 05:39:00;Успешно!;0
511;13;login;2025-02-09 12:22:00;Успешно!;0
512;19;login;2025-02-09 11:59:00;Успешно!;0
513;3;logout;2025-02-09 10:39:00;Успешно!;0
514;19;logout;2025-02-09 23:44:00;Успешно!;0
515;21;logout;2025-02-09 10:53:00;Успешно!;0
516;11;logout;2025-02-09 09:47:00;Успешно!;0
517;5;logout;2025-02-09 19:11:00;Успешно!;0
518;5;logout;2025-02-09 18:44:00;Успешно!;0
519;17;logout;2025-02-09 09:09:00;Успешно!;0
520;2;logout;2025-02-09 03:16:00;Успешно!;0
521;0;create_theme;2025-02-09 18:46:00;Ошибка создания темы по причине отсутствия логина;1
522;0;create_theme;2025-02-09 04:21:00;Ошибка создания темы по причине отсутствия логина;1
523;3;create_theme;2025-02-09 07:09:00;Успешно!;0
524;1;create_theme;2025-02-09 01:03:00;Успешно!;0
525;18;create_theme;2025-02-09 07:45:00;Успешно!;0
526;4;create_theme;2025-02-09 15:06:00;Успешно!;0
527;15;create_theme;2025-02-09 15:31:00;Успешно!;0
528;3;create_theme;2025-02-09 01:52:00;Успешно!;0
529;12;create_theme;2025-02-09 12:35:00;Успешно!;0
530;12;create_theme;2025-02-09 18:11:00;Успешно!;0
531;3;view_theme;2025-02-09 22:12:00;Успешно!;0
532;7;view_theme;2025-02-09 17:19:00;Успешно!;0
533;0;view_theme;2025-02-09 03:41:00;Успешно!;1
534;7;view_theme;2025-02-09 19:20:00;Успешно!;0
535;2;view_theme;2025-02-09 07:12:00;Успешно!;0
536;0;view_theme;2025-02-09 11:26:00;Успешно!;1
537;9;view_theme;2025-02-09 22:10:00;Успешно!;0
538;3;view_theme;2025-02-09 06:41:00;Успешно!;0
539;10;delete_theme;2025-02-09 01:38:00;Успешно!;0
540;11;delete_theme;2025-02-09 03:54:00;Успешно!;0
541;16;delete_theme;2025-02-09 22:28:00;Успешно!;0
542;17;delete_theme;2025-02-09 14:49:00;Успешно!;0
543;5;delete_theme;2025-02-09 00:10:00;Успешно!;0
544;15;create_message;2025-02-09 18:50:00;Успешно!;0
545;4;create_message;2025-02-09 13:46:00;Успешно!;0
546;13;create_message;2025-02-09 09:43:00;Успешно!;0
547;0;create_message;2025-02-09 09:43:00;Успешно!;1
548;0;create_message;2025-02-09 15:57:00;Успешно!;1
549;0;create_message;2025-02-09 12:42:00;Успешно!;1
550;0;create_message;2025-02-09 12:18:00;Успешно!;1
551;0;create_message;2025-02-09 07:03:00;Успешно!;1
552;0;first_visit;2025-02-10 06:40:00;Успешно!;1
553;0;first_visit;2025-02-10 15:49:00;Успешно!;1
554;0;first_visit;2025-02-10 12:17:00;Успешно!;1
555;0;first_visit;2025-02-10 17:30:00;Успешно!;1
556;0;first_visit;2025-02-10 10:04:00;Успешно!;1
557;0;first_visit;2025-02-10 20:58:00;Успешно!;1
558;0;registration;2025-02-10 07:25:00;Успешно!;1
559;0;registration;2025-02-10 10:24:00;Успешно!;1
560;0;registration;2025-02-10 15:47:00;Успешно!;1
561;0;registration;2025-02-10 00:52:00;Успешно!;1
562;0;registration;2025-02-10 10:26:00;Успешно!;1
563;0;registration;2025-02-10 05:31:00;Успешно!;1
564;0;registration;2025-02-10 08:13:00;Успешно!;1
565;0;registration;2025-02-10 11:03:00;Успешно!;1
566;0;registration;2025-02-10 10:28:00;Успешно!;1
567;0;registration;2025-02-10 16:37:00;Успешно!;1
568;7;login;2025-02-10 13:22:00;Успешно!;0
569;15;login;2025-02-10 01:30:00;Успешно!;0
570;3;login;2025-02-10 02:54:00;Успешно!;0
571;8;login;2025-02-10 01:13:00;Успешно!;0
572;13;login;2025-02-10 05:04:00;Успешно!;0
573;2;login;2025-02-10 03:24:00;Успешно!;0
574;5;logout;2025-02-10 06:15:00;Успешно!;0
575;8;logout;2025-02-10 21:05:00;Успешно!;0
576;10;logout;2025-02-10 12:46:00;Успешно!;0
577;15;logout;2025-02-10 16:23:00;Успешно!;0
578;21;logout;2025-02-10 16:19:00;Успешно!;0
579;13;logout;2025-02-10 04:23:00;Успешно!;0
580;8;logout;2025-02-10 23:31:00;Успешно!;0
581;2;logout;2025-02-10 06:52:00;Успешно!;0
582;9;logout;2025-02-10 04:17:00;Успешно!;0
583;0;create_theme;2025-02-10 13:08:00;Ошибка создания темы по причине отсутствия логина;1
584;0;create_theme;2025-02-10 16:36:00;Ошибка создания темы по причине отсутствия логина;1
585;21;create_theme;2025-02-10 23:38:00;Успешно!;0
586;13;create_theme;2025-02-10 00:49:00;Успешно!;0
587;11;create_theme;2025-02-10 22:13:00;Успешно!;0
588;5;create_theme;2025-02-10 12:04:00;Успешно!;0
589;6;create_theme;2025-02-10 23:36:00;Успешно!;0
590;15;create_theme;2025-02-10 03:30:00;Успешно!;0
591;3;create_theme;2025-02-10 11:52:00;Успешно!;0
592;0;view_theme;2025-02-10 03:56:00;Успешно!;1
593;9;view_theme;2025-02-10 02:07:00;Успешно!;0
594;0;view_theme;2025-02-10 11:56:00;Успешно!;1
595;0;view_theme;2025-02-10 19:41:00;Успешно!;1
596;8;view_theme;2025-02-10 06:28:00;Успешно!;0
597;21;view_theme;2025-02-10 21:00:00;Успешно!;0
598;12;delete_theme;2025-02-10 04:53:00;Успешно!;0
599;9;delete_theme;2025-02-10 08:19:00;Успешно!;0
600;9;delete_theme;2025-02-10 01:56:00;Успешно!;0
601;9;delete_theme;2025-02-10 22:15:00;Успешно!;0
602;17;delete_theme;2025-02-10 16:39:00;Успешно!;0
603;1;delete_theme;2025-02-10 18:20:00;Успешно!;0
604;6;delete_theme;2025-02-10 22:29:00;Успешно!;0
605;0;create_message;2025-02-10 08:31:00;Успешно!;1
606;0;create_message;2025-02-10 20:51:00;Успешно!;1
607;18;create_message;2025-02-10 23:23:00;Успешно!;0
608;0;create_message;2025-02-10 10:11:00;Успешно!;1
609;0;create_message;2025-02-10 04:43:00;Успешно!;1
610;20;create_message;2025-02-10 18:15:00;Успешно!;0
611;0;create_message;2025-02-10 23:22:00;Успешно!;1
612;0;create_message;2025-02-10 16:48:00;Успешно!;1
613;0;first_visit;2025-02-11 06:43:00;Успешно!;1
614;0;first_visit;2025-02-11 14:06:00;Успешно!;1
615;0;first_visit;2025-02-11 15:40:00;Успешно!;1
616;0;first_visit;2025-02-11 09:57:00;Успешно!;1
617;0;first_visit;2025-02-11 22:58:00;Успешно!;1
618;0;first_visit;2025-02-11 23:49:00;Успешно!;1
619;0;first_visit;2025-02-11 23:30:00;Успешно!;1
620;0;first_visit;2025-02-11 09:29:00;Успешно!;1
621;0;first_visit;2025-02-11 14:39:00;Успешно!;1
622;0;first_visit;2025-02-11 07:30:00;Успешно!;1
623;0;registration;2025-02-11 01:57:00;Успешно!;1
624;0;registration;2025-02-11 10:21:00;Успешно!;1
625;0;registration;2025-02-11 13:38:00;Успешно!;1
626;0;registration;2025-02-11 20:15:00;Успешно!;1
627;0;registration;2025-02-11 17:32:00;Успешно!;1
628;0;registration;2025-02-11 13:12:00;Успешно!;1
629;0;registration;2025-02-11 21:55:00;Успешно!;1
630;0;registration;2025-02-11 03:59:00;Успешно!;1
631;0;registration;2025-02-11 04:38:00;Успешно!;1
632;0;registration;2025-02-11 12:42:00;Успешно!;1
633;8;login;2025-02-11 23:30:00;Успешно!;0
634;3;login;2025-02-11 14:38:00;Успешно!;0
635;17;login;2025-02-11 04:23:00;Успешно!;0
636;8;login;2025-02-11 19:01:00;Успешно!;0
637;19;login;2025-02-11 19:44:00;Успешно!;0
638;2;logout;2025-02-11 19:26:00;Успешно!;0
639;17;logout;2025-02-11 07:43:00;Успешно!;0
640;20;logout;2025-02-11 15:07:00;Успешно!;0
641;12;logout;2025-02-11 04:30:00;Успешно!;0
642;6;logout;2025-02-11 07:02:00;Успешно!;0
643;0;create_theme;2025-02-11 17:09:00;Ошибка создания темы по причине отсутствия логина;1
644;0;create_theme;2025-02-11 12:05:00;Ошибка создания темы по причине отсутствия логина;1
645;7;create_theme;2025-02-11 04:57:00;Успешно!;0
646;20;create_theme;2025-02-11 08:36:00;Успешно!;0
647;13;create_theme;2025-02-11 11:53:00;Успешно!;0
648;6;create_theme;2025-02-11 03:42:00;Успешно!;0
649;1;create_theme;2025-02-11 02:19:00;Успешно!;0
650;6;create_theme;2025-02-11 02:51:00;Успешно!;0
651;17;create_theme;2025-02-11 11:11:00;Успешно!;0
652;14;create_theme;2025-02-11 13:32:00;Успешно!;0
653;5;create_theme;2025-02-11 20:21:00;Успешно!;0
654;14;create_theme;2025-02-11 11:27:00;Успешно!;0
655;0;view_theme;2025-02-11 06:21:00;Успешно!;1
656;5;view_theme;2025-02-11 09:04:00;Успешно!;0
657;0;view_theme;2025-02-11 02:29:00;Успешно!;1
658;10;view_theme;2025-02-11 17:01:00;Успешно!;0
659;0;view_theme;2025-02-11 20:07:00;Успешно!;1
660;0;view_theme;2025-02-11 23:14:00;Успешно!;1
661;0;view_theme;2025-02-11 10:00:00;Успешно!;1
662;5;delete_theme;2025-02-11 07:54:00;Успешно!;0
663;1;delete_theme;2025-02-11 19:46:00;Успешно!;0
664;4;delete_theme;2025-02-11 14:10:00;Успешно!;0
665;20;delete_theme;2025-02-11 18:25:00;Успешно!;0
666;16;delete_theme;2025-02-11 23:39:00;Успешно!;0
667;7;create_message;2025-02-11 23:53:00;Успешно!;0
668;0;create_message;2025-02-11 09:12:00;Успешно!;1
669;8;create_message;2025-02-11 18:11:00;Успешно!;0
670;0;create_message;2025-02-11 23:41:00;Успешно!;1
671;15;create_message;2025-02-11 19:48:00;Успешно!;0
672;3;create_message;2025-02-11 22:31:00;Успешно!;0
673;21;create_message;2025-02-11 17:46:00;Успешно!;0
674;10;create_message;2025-02-11 14:26:00;Успешно!;0
675;0;first_visit;2025-02-12 17:18:00;Успешно!;1
676;0;first_visit;2025-02-12 12:09:00;Успешно!;1
677;0;first_visit;2025-02-12 01:58:00;Успешно!;1
678;0;first_visit;2025-02-12 07:12:00;Успешно!;1
679;0;first_visit;2025-02-12 03:48:00;Успешно!;1
680;0;first_visit;2025-02-12 03:51:00;Успешно!;1
681;0;first_visit;2025-02-12 12:16:00;Успешно!;1
682;0;first_visit;2025-02-12 02:20:00;Успешно!;1
683;0;registration;2025-02-12 03:23:00;Успешно!;1
684;0;registration;2025-02-12 06:12:00;Успешно!;1
685;0;registration;2025-02-12 17:18:00;Успешно!;1
686;0;registration;2025-02-12 12:02:00;Успешно!;1
687;0;registration;2025-02-12 05:30:00;Успешно!;1
688;0;registration;2025-02-12 10:39:00;Успешно!;1
689;17;login;2025-02-12 23:43:00;Успешно!;0
690;19;login;2025-02-12 02:30:00;Успешно!;0
691;14;login;2025-02-12 12:37:00;Успешно!;0
692;19;login;2025-02-12 22:51:00;Успешно!;0
693;3;login;2025-02-12 17:08:00;Успешно!;0
694;11;login;2025-02-12 11:55:00;Успешно!;0
695;7;login;2025-02-12 23:54:00;Успешно!;0
696;17;login;2025-02-12 02:32:00;Успешно!;0
697;17;logout;2025-02-12 01:14:00;Успешно!;0
698;13;logout;2025-02-12 16:44:00;Успешно!;0
699;13;logout;2025-02-12 00:33:00;Успешно!;0
700;5;logout;2025-02-12 06:17:00;Успешно!;0
701;4;logout;2025-02-12 13:29:00;Успешно!;0
702;3;logout;2025-02-12 13:05:00;Успешно!;0
703;0;create_theme;2025-02-12 21:14:00;Ошибка создания темы по причине отсутствия логина;1
704;0;create_theme;2025-02-12 01:03:00;Ошибка создания темы по причине отсутствия логина;1
705;11;create_theme;2025-02-12 07:56:00;Успешно!;0
706;21;create_theme;2025-02-12 21:45:00;Успешно!;0
707;8;create_theme;2025-02-12 07:00:00;Успешно!;0
708;15;create_theme;2025-02-12 12:32:00;Успешно!;0
709;14;create_theme;2025-02-12 07:43:00;Успешно!;0
710;20;create_theme;2025-02-12 10:39:00;Успешно!;0
711;21;create_theme;2025-02-12 03:47:00;Успешно!;0
712;3;create_theme;2025-02-12 13:07:00;Успешно!;0
713;13;create_theme;2025-02-12 21:38:00;Успешно!;0
714;8;view_theme;2025-02-12 20:24:00;Успешно!;0
715;0;view_theme;2025-02-12 03:23:00;Успешно!;1
716;0;view_theme;2025-02-12 02:02:00;Успешно!;1
717;19;view_theme;2025-02-12 17:14:00;Успешно!;0
718;0;view_theme;2025-02-12 12:10:00;Успешно!;1
719;21;view_theme;2025-02-12 03:44:00;Успешно!;0
720;19;view_theme;2025-02-12 06:56:00;Успешно!;0
721;14;delete_theme;2025-02-12 06:29:00;Успешно!;0
722;15;delete_theme;2025-02-12 02:47:00;Успешно!;0
723;17;delete_theme;2025-02-12 14:15:00;Успешно!;0
724;8;delete_theme;2025-02-12 04:32:00;Успешно!;0
725;12;delete_theme;2025-02-12 03:41:00;Успешно!;0
726;8;delete_theme;2025-02-12 07:49:00;Успешно!;0
727;0;create_message;2025-02-12 06:44:00;Успешно!;1
728;5;create_message;2025-02-12 13:17:00;Успешно!;0
729;0;create_message;2025-02-12 03:43:00;Успешно!;1
730;0;create_message;2025-02-12 23:55:00;Успешно!;1
731;14;create_message;2025-02-12 09:45:00;Успешно!;0
732;0;create_message;2025-02-12 17:52:00;Успешно!;1
733;18;create_message;2025-02-12 19:22:00;Успешно!;0
734;0;first_visit;2025-02-13 05:23:00;Успешно!;1
735;0;first_visit;2025-02-13 00:22:00;Успешно!;1
736;0;first_visit;2025-02-13 09:30:00;Успешно!;1
737;0;first_visit;2025-02-13 15:17:00;Успешно!;1
738;0;first_visit;2025-02-13 10:07:00;Успешно!;1
739;0;registration;2025-02-13 03:46:00;Успешно!;1
740;0;registration;2025-02-13 07:12:00;Успешно!;1
741;0;registration;2025-02-13 06:32:00;Успешно!;1
742;0;registration;2025-02-13 21:17:00;Успешно!;1
743;0;registration;2025-02-13 06:33:00;Успешно!;1
744;0;registration;2025-02-13 09:54:00;Успешно!;1
745;0;registration;2025-02-13 03:39:00;Успешно!;1
746;0;registration;2025-02-13 02:01:00;Успешно!;1
747;13;login;2025-02-13 13:45:00;Успешно!;0
748;11;login;2025-02-13 15:47:00;Успешно!;0
749;19;login;2025-02-13 21:33:00;Успешно!;0
750;4;login;2025-02-13 08:11:00;Успешно!;0
751;13;login;2025-02-13 02:54:00;Успешно!;0
752;16;login;2025-02-13 04:37:00;Успешно!;0
753;10;login;2025-02-13 08:50:00;Успешно!;0
754;16;login;2025-02-13 01:55:00;Успешно!;0
755;15;login;2025-02-13 07:03:00;Успешно!;0
756;14;logout;2025-02-13 21:29:00;Успешно!;0
757;8;logout;2025-02-13 02:14:00;Успешно!;0
758;12;logout;2025-02-13 19:54:00;Успешно!;0
759;3;logout;2025-02-13 06:32:00;Успешно!;0
760;10;logout;2025-02-13 16:00:00;Успешно!;0
761;18;logout;2025-02-13 14:58:00;Успешно!;0
762;12;logout;2025-02-13 22:01:00;Успешно!;0
763;17;logout;2025-02-13 13:25:00;Успешно!;0
764;12;logout;2025-02-13 07:36:00;Успешно!;0
765;12;logout;2025-02-13 17:47:00;Успешно!;0
766;0;create_theme;2025-02-13 07:12:00;Ошибка создания темы по причине отсутствия логина;1
767;0;create_theme;2025-02-13 17:44:00;Ошибка создания темы по причине отсутствия логина;1
768;21;create_theme;2025-02-13 23:02:00;Успешно!;0
769;17;create_theme;2025-02-13 21:59:00;Успешно!;0
770;21;create_theme;2025-02-13 18:13:00;Успешно!;0
771;21;create_theme;2025-02-13 23:20:00;Успешно!;0
772;2;create_theme;2025-02-13 00:25:00;Успешно!;0
773;2;create_theme;2025-02-13 19:44:00;Успешно!;0
774;5;create_theme;2025-02-13 14:49:00;Успешно!;0
775;17;create_theme;2025-02-13 05:33:00;Успешно!;0
776;15;create_theme;2025-02-13 23:57:00;Успешно!;0
777;6;create_theme;2025-02-13 08:31:00;Успешно!;0
778;2;view_theme;2025-02-13 18:32:00;Успешно!;0
779;5;view_theme;2025-02-13 05:55:00;Успешно!;0
780;20;view_theme;2025-02-13 00:37:00;Успешно!;0
781;16;view_theme;2025-02-13 08:26:00;Успешно!;0
782;14;view_theme;2025-02-13 14:20:00;Успешно!;0
783;0;view_theme;2025-02-13 14:27:00;Успешно!;1
784;0;view_theme;2025-02-13 09:37:00;Успешно!;1
785;15;view_theme;2025-02-13 00:15:00;Успешно!;0
786;4;view_theme;2025-02-13 18:49:00;Успешно!;0
787;18;view_theme;2025-02-13 22:40:00;Успешно!;0
788;3;delete_theme;2025-02-13 03:54:00;Успешно!;0
789;6;delete_theme;2025-02-13 05:58:00;Успешно!;0
790;7;delete_theme;2025-02-13 05:49:00;Успешно!;0
791;15;delete_theme;2025-02-13 03:23:00;Успешно!;0
792;4;delete_theme;2025-02-13 07:15:00;Успешно!;0
793;14;delete_theme;2025-02-13 22:31:00;Успешно!;0
794;18;delete_theme;2025-02-13 03:10:00;Успешно!;0
795;5;delete_theme;2025-02-13 05:01:00;Успешно!;0
796;21;create_message;2025-02-13 02:47:00;Успешно!;0
797;1;create_message;2025-02-13 10:25:00;Успешно!;0
798;10;create_message;2025-02-13 17:50:00;Успешно!;0
799;0;create_message;2025-02-13 03:35:00;Успешно!;1
800;10;create_message;2025-02-13 22:52:00;Успешно!;0
801;0;create_message;2025-02-13 23:23:00;Успешно!;1
802;14;create_message;2025-02-13 16:12:00;Успешно!;0
803;0;first_visit;2025-02-14 02:22:00;Успешно!;1
804;0;first_visit;2025-02-14 08:42:00;Успешно!;1
805;0;first_visit;2025-02-14 03:45:00;Успешно!;1
806;0;first_visit;2025-02-14 15:37:00;Успешно!;1
807;0;first_visit;2025-02-14 05:30:00;Успешно!;1
808;0;first_visit;2025-02-14 09:12:00;Успешно!;1
809;0;first_visit;2025-02-14 23:18:00;Успешно!;1
810;0;registration;2025-02-14 13:26:00;Успешно!;1
811;0;registration;2025-02-14 08:45:00;Успешно!;1
812;0;registration;2025-02-14 15:05:00;Успешно!;1
813;0;registration;2025-02-14 03:46:00;Успешно!;1
814;0;registration;2025-02-14 08:06:00;Успешно!;1
815;0;registration;2025-02-14 01:49:00;Успешно!;1
816;0;registration;2025-02-14 21:50:00;Успешно!;1
817;0;registration;2025-02-14 14:10:00;Успешно!;1
818;0;registration;2025-02-14 19:48:00;Успешно!;1
819;0;registration;2025-02-14 05:35:00;Успешно!;1
820;5;login;2025-02-14 09:00:00;Успешно!;0
821;15;login;2025-02-14 19:50:00;Успешно!;0
822;7;login;2025-02-14 17:38:00;Успешно!;0
823;19;login;2025-02-14 08:47:00;Успешно!;0
824;15;login;2025-02-14 22:47:00;Успешно!;0
825;15;login;2025-02-14 19:41:00;Успешно!;0
826;12;login;2025-02-14 13:36:00;Успешно!;0
827;12;login;2025-02-14 20:02:00;Успешно!;0
828;3;login;2025-02-14 07:56:00;Успешно!;0
829;5;logout;2025-02-14 15:24:00;Успешно!;0
830;17;logout;2025-02-14 01:02:00;Успешно!;0
831;9;logout;2025-02-14 13:32:00;Успешно!;0
832;21;logout;2025-02-14 15:03:00;Успешно!;0
833;21;logout;2025-02-14 03:50:00;Успешно!;0
834;8;logout;2025-02-14 14:10:00;Успешно!;0
835;8;logout;2025-02-14 17:12:00;Успешно!;0
836;19;logout;2025-02-14 23:47:00;Успешно!;0
837;18;logout;2025-02-14 10:21:00;Успешно!;0
838;2;logout;2025-02-14 16:11:00;Успешно!;0
839;0;create_theme;2025-02-14 21:42:00;Ошибка создания темы по причине отсутствия логина;1
840;0;create_theme;2025-02-14 21:54:00;Ошибка создания темы по причине отсутствия логина;1
841;9;create_theme;2025-02-14 07:20:00;Успешно!;0
842;7;create_theme;2025-02-14 19:34:00;Успешно!;0
843;2;create_theme;2025-02-14 01:05:00;Успешно!;0
844;20;create_theme;2025-02-14 13:14:00;Успешно!;0
845;3;create_theme;2025-02-14 11:38:00;Успешно!;0
846;5;create_theme;2025-02-14 13:37:00;Успешно!;0
847;17;create_theme;2025-02-14 00:52:00;Успешно!;0
848;10;create_theme;2025-02-14 04:24:00;Успешно!;0
849;15;create_theme;2025-02-14 01:54:00;Успешно!;0
850;8;create_theme;2025-02-14 07:54:00;Успешно!;0
851;0;view_theme;2025-02-14 01:35:00;Успешно!;1
852;13;view_theme;2025-02-14 08:55:00;Успешно!;0
853;0;view_theme;2025-02-14 14:00:00;Успешно!;1
854;11;view_theme;2025-02-14 21:40:00;Успешно!;0
855;0;view_theme;2025-02-14 15:53:00;Успешно!;1
856;2;view_theme;2025-02-14 04:34:00;Успешно!;0
857;7;view_theme;2025-02-14 12:03:00;Успешно!;0
858;4;view_theme;2025-02-14 23:21:00;Успешно!;0
859;3;view_theme;2025-02-14 15:35:00;Успешно!;0
860;0;view_theme;2025-02-14 02:48:00;Успешно!;1
861;5;delete_theme;2025-02-14 10:33:00;Успешно!;0
862;6;delete_theme;2025-02-14 07:19:00;Успешно!;0
863;5;delete_theme;2025-02-14 13:47:00;Успешно!;0
864;20;delete_theme;2025-02-14 07:25:00;Успешно!;0
865;9;delete_theme;2025-02-14 02:46:00;Успешно!;0
866;1;delete_theme;2025-02-14 06:40:00;Успешно!;0
867;3;delete_theme;2025-02-14 02:18:00;Успешно!;0
868;5;delete_theme;2025-02-14 10:53:00;Успешно!;0
869;21;delete_theme;2025-02-14 11:26:00;Успешно!;0
870;0;create_message;2025-02-14 12:20:00;Успешно!;1
871;0;create_message;2025-02-14 10:21:00;Успешно!;1
872;1;create_message;2025-02-14 22:47:00;Успешно!;0
873;0;create_message;2025-02-14 17:47:00;Успешно!;1
874;4;create_message;2025-02-14 17:06:00;Успешно!;0
875;0;create_message;2025-02-14 13:27:00;Успешно!;1
876;18;create_message;2025-02-14 13:58:00;Успешно!;0
877;0;create_message;2025-02-14 22:00:00;Успешно!;1
878;0;first_visit;2025-02-15 02:08:00;Успешно!;1
879;0;first_visit;2025-02-15 00:30:00;Успешно!;1
880;0;first_visit;2025-02-15 14:08:00;Успешно!;1
881;0;first_visit;2025-02-15 11:47:00;Успешно!;1
882;0;first_visit;2025-02-15 17:45:00;Успешно!;1
883;0;first_visit;2025-02-15 20:47:00;Успешно!;1
884;0;first_visit;2025-02-15 10:33:00;Успешно!;1
885;0;first_visit;2025-02-15 18:01:00;Успешно!;1
886;0;first_visit;2025-02-15 02:26:00;Успешно!;1
887;0;first_visit;2025-02-15 23:38:00;Успешно!;1
888;0;registration;2025-02-15 19:36:00;Успешно!;1
889;0;registration;2025-02-15 16:58:00;Успешно!;1
890;0;registration;2025-02-15 10:04:00;Успешно!;1
891;0;registration;2025-02-15 01:45:00;Успешно!;1
892;0;registration;2025-02-15 15:19:00;Успешно!;1
893;0;registration;2025-02-15 19:49:00;Успешно!;1
894;0;registration;2025-02-15 13:14:00;Успешно!;1
895;0;registration;2025-02-15 10:25:00;Успешно!;1
896;13;login;2025-02-15 10:35:00;Успешно!;0
897;5;login;2025-02-15 17:14:00;Успешно!;0
898;16;login;2025-02-15 13:13:00;Успешно!;0
899;9;login;2025-02-15 16:18:00;Успешно!;0
900;8;login;2025-02-15 06:06:00;Успешно!;0
901;7;logout;2025-02-15 23:05:00;Успешно!;0
902;12;logout;2025-02-15 15:51:00;Успешно!;0
903;10;logout;2025-02-15 17:29:00;Успешно!;0
904;20;logout;2025-02-15 07:28:00;Успешно!;0
905;20;logout;2025-02-15 06:15:00;Успешно!;0
906;0;create_theme;2025-02-15 21:26:00;Ошибка создания темы по причине отсутствия логина;1
907;0;create_theme;2025-02-15 01:48:00;Ошибка создания темы по причине отсутствия логина;1
908;8;create_theme;2025-02-15 21:48:00;Успешно!;0
909;5;create_theme;2025-02-15 13:51:00;Успешно!;0
910;16;create_theme;2025-02-15 15:54:00;Успешно!;0
911;9;create_theme;2025-02-15 08:42:00;Успешно!;0
912;13;create_theme;2025-02-15 23:13:00;Успешно!;0
913;17;create_theme;2025-02-15 20:29:00;Успешно!;0
914;9;create_theme;2025-02-15 05:55:00;Успешно!;0
915;15;create_theme;2025-02-15 08:38:00;Успешно!;0
916;9;view_theme;2025-02-15 10:43:00;Успешно!;0
917;15;view_theme;2025-02-15 02:00:00;Успешно!;0
918;11;view_theme;2025-02-15 21:56:00;Успешно!;0
919;9;view_theme;2025-02-15 07:25:00;Успешно!;0
920;0;view_theme;2025-02-15 09:47:00;Успешно!;1
921;13;view_theme;2025-02-15 02:00:00;Успешно!;0
922;3;view_theme;2025-02-15 07:40:00;Успешно!;0
923;12;view_theme;2025-02-15 13:17:00;Успешно!;0
924;0;view_theme;2025-02-15 10:42:00;Успешно!;1
925;10;delete_theme;2025-02-15 22:49:00;Успешно!;0
926;18;delete_theme;2025-02-15 08:14:00;Успешно!;0
927;18;delete_theme;2025-02-15 02:55:00;Успешно!;0
928;1;delete_theme;2025-02-15 19:50:00;Успешно!;0
929;2;delete_theme;2025-02-15 07:21:00;Успешно!;0
930;17;delete_theme;2025-02-15 17:27:00;Успешно!;0
931;10;delete_theme;2025-02-15 21:57:00;Успешно!;0
932;0;create_message;2025-02-15 11:15:00;Успешно!;1
933;0;create_message;2025-02-15 19:51:00;Успешно!;1
934;15;create_message;2025-02-15 04:04:00;Успешно!;0
935;0;create_message;2025-02-15 01:59:00;Успешно!;1
936;5;create_message;2025-02-15 17:02:00;Успешно!;0
937;0;create_message;2025-02-15 02:10:00;Успешно!;1
938;14;create_message;2025-02-15 04:15:00;Успешно!;0
939;0;create_message;2025-02-15 22:51:00;Успешно!;1
940;1;create_message;2025-02-15 11:25:00;Успешно!;0
941;0;first_visit;2025-02-16 06:39:00;Успешно!;1
942;0;first_visit;2025-02-16 12:36:00;Успешно!;1
943;0;first_visit;2025-02-16 05:27:00;Успешно!;1
944;0;first_visit;2025-02-16 03:52:00;Успешно!;1
945;0;first_visit;2025-02-16 01:50:00;Успешно!;1
946;0;first_visit;2025-02-16 07:15:00;Успешно!;1
947;0;first_visit;2025-02-16 09:31:00;Успешно!;1
948;0;registration;2025-02-16 07:58:00;Успешно!;1
949;0;registration;2025-02-16 18:26:00;Успешно!;1
950;0;registration;2025-02-16 09:58:00;Успешно!;1
951;0;registration;2025-02-16 23:47:00;Успешно!;1
952;0;registration;2025-02-16 08:35:00;Успешно!;1
953;2;login;2025-02-16 11:50:00;Успешно!;0
954;7;login;2025-02-16 10:57:00;Успешно!;0
955;11;login;2025-02-16 21:39:00;Успешно!;0
956;6;login;2025-02-16 02:38:00;Успешно!;0
957;4;login;2025-02-16 09:14:00;Успешно!;0
958;8;logout;2025-02-16 20:37:00;Успешно!;0
959;21;logout;2025-02-16 14:53:00;Успешно!;0
960;20;logout;2025-02-16 01:14:00;Успешно!;0
961;21;logout;2025-02-16 14:57:00;Успешно!;0
962;21;logout;2025-02-16 23:08:00;Успешно!;0
963;0;create_theme;2025-02-16 16:02:00;Ошибка создания темы по причине отсутствия логина;1
964;0;create_theme;2025-02-16 12:34:00;Ошибка создания темы по причине отсутствия логина;1
965;13;create_theme;2025-02-16 13:12:00;Успешно!;0
966;11;create_theme;2025-02-16 22:09:00;Успешно!;0
967;6;create_theme;2025-02-16 00:57:00;Успешно!;0
968;8;create_theme;2025-02-16 00:32:00;Успешно!;0
969;7;create_theme;2025-02-16 04:51:00;Успешно!;0
970;18;create_theme;2025-02-16 23:27:00;Успешно!;0
971;5;create_theme;2025-02-16 07:52:00;Успешно!;0
972;0;view_theme;2025-02-16 20:12:00;Успешно!;1
973;4;view_theme;2025-02-16 08:53:00;Успешно!;0
974;0;view_theme;2025-02-16 23:12:00;Успешно!;1
975;0;view_theme;2025-02-16 21:53:00;Успешно!;1
976;0;view_theme;2025-02-16 22:03:00;Успешно!;1
977;0;view_theme;2025-02-16 19:01:00;Успешно!;1
978;8;view_theme;2025-02-16 11:17:00;Успешно!;0
979;6;view_theme;2025-02-16 08:40:00;Успешно!;0
980;6;view_theme;2025-02-16 06:59:00;Успешно!;0
981;0;view_theme;2025-02-16 07:47:00;Успешно!;1
982;4;delete_theme;2025-02-16 01:06:00;Успешно!;0
983;21;delete_theme;2025-02-16 17:49:00;Успешно!;0
984;11;delete_theme;2025-02-16 05:29:00;Успешно!;0
985;10;delete_theme;2025-02-16 18:08:00;Успешно!;0
986;4;delete_theme;2025-02-16 06:17:00;Успешно!;0
987;12;delete_theme;2025-02-16 12:19:00;Успешно!;0
988;1;delete_theme;2025-02-16 03:50:00;Успешно!;0
989;9;delete_theme;2025-02-16 02:11:00;Успешно!;0
990;0;create_message;2025-02-16 13:11:00;Успешно!;1
991;14;create_message;2025-02-16 09:55:00;Успешно!;0
992;0;create_message;2025-02-16 08:44:00;Успешно!;1
993;0;create_message;2025-02-16 17:04:00;Успешно!;1
994;0;create_message;2025-02-16 14:49:00;Успешно!;1
995;19;create_message;2025-02-16 18:34:00;Успешно!;0
996;0;create_message;2025-02-16 10:35:00;Успешно!;1
997;0;create_message;2025-02-16 09:04:00;Успешно!;1
998;0;first_visit;2025-02-17 22:10:00;Успешно!;1
999;0;first_visit;2025-02-17 07:10:00;Успешно!;1
1000;0;first_visit;2025-02-17 07:31:00;Успешно!;1
1001;0;first_visit;2025-02-17 12:41:00;Успешно!;1
1002;0;first_visit;2025-02-17 23:39:00;Успешно!;1
1003;0;first_visit;2025-02-17 18:02:00;Успешно!;1
1004;0;registration;2025-02-17 23:20:00;Успешно!;1
1005;0;registration;2025-02-17 16:38:00;Успешно!;1
1006;0;registration;2025-02-17 03:39:00;Успешно!;1
1007;0;registration;2025-02-17 16:16:00;Успешно!;1
1008;0;registration;2025-02-17 16:44:00;Успешно!;1
1009;0;registration;2025-02-17 05:52:00;Успешно!;1
1010;0;registration;2025-02-17 20:39:00;Успешно!;1
1011;0;registration;2025-02-17 15:47:00;Успешно!;1
1012;0;registration;2025-02-17 10:47:00;Успешно!;1
1013;14;login;2025-02-17 09:16:00;Успешно!;0
1014;2;login;2025-02-17 06:45:00;Успешно!;0
1015;15;login;2025-02-17 20:07:00;Успешно!;0
1016;19;login;2025-02-17 21:58:00;Успешно!;0
1017;5;login;2025-02-17 15:34:00;Успешно!;0
1018;15;login;2025-02-17 15:12:00;Успешно!;0
1019;11;login;2025-02-17 00:21:00;Успешно!;0
1020;10;login;2025-02-17 03:35:00;Успешно!;0
1021;12;logout;2025-02-17 13:25:00;Успешно!;0
1022;6;logout;2025-02-17 13:26:00;Успешно!;0
1023;8;logout;2025-02-17 03:35:00;Успешно!;0
1024;4;logout;2025-02-17 16:52:00;Успешно!;0
1025;19;logout;2025-02-17 06:43:00;Успешно!;0
1026;8;logout;2025-02-17 23:59:00;Успешно!;0
1027;17;logout;2025-02-17 18:10:00;Успешно!;0
1028;0;create_theme;2025-02-17 08:11:00;Ошибка создания темы по причине отсутствия логина;1
1029;0;create_theme;2025-02-17 23:45:00;Ошибка создания темы по причине отсутствия логина;1
1030;3;create_theme;2025-02-17 03:15:00;Успешно!;0
1031;15;create_theme;2025-02-17 10:46:00;Успешно!;0
1032;3;create_theme;2025-02-17 21:18:00;Успешно!;0
1033;10;create_theme;2025-02-17 16:01:00;Успешно!;0
1034;16;create_theme;2025-02-17 08:18:00;Успешно!;0
1035;12;create_theme;2025-02-17 20:07:00;Успешно!;0
1036;21;create_theme;2025-02-17 16:33:00;Успешно!;0
1037;19;create_theme;2025-02-17 10:18:00;Успешно!;0
1038;7;view_theme;2025-02-17 18:55:00;Успешно!;0
1039;0;view_theme;2025-02-17 06:48:00;Успешно!;1
1040;8;view_theme;2025-02-17 12:03:00;Успешно!;0
1041;2;view_theme;2025-02-17 22:45:00;Успешно!;0
1042;13;view_theme;2025-02-17 05:20:00;Успешно!;0
1043;0;view_theme;2025-02-17 07:54:00;Успешно!;1
1044;2;view_theme;2025-02-17 09:02:00;Успешно!;0
1045;4;view_theme;2025-02-17 10:01:00;Успешно!;0
1046;0;view_theme;2025-02-17 20:47:00;Успешно!;1
1047;19;view_theme;2025-02-17 09:25:00;Успешно!;0
1048;20;delete_theme;2025-02-17 22:53:00;Успешно!;0
1049;8;delete_theme;2025-02-17 02:57:00;Успешно!;0
1050;17;delete_theme;2025-02-17 19:30:00;Успешно!;0
1051;16;delete_theme;2025-02-17 09:06:00;Успешно!;0
1052;12;delete_theme;2025-02-17 11:00:00;Успешно!;0
1053;12;delete_theme;2025-02-17 12:45:00;Успешно!;0
1054;10;delete_theme;2025-02-17 06:48:00;Успешно!;0
1055;3;delete_theme;2025-02-17 07:49:00;Успешно!;0
1056;2;delete_theme;2025-02-17 03:41:00;Успешно!;0
1057;7;delete_theme;2025-02-17 18:02:00;Успешно!;0
1058;1;create_message;2025-02-17 13:39:00;Успешно!;0
1059;11;create_message;2025-02-17 14:25:00;Успешно!;0
1060;0;create_message;2025-02-17 03:53:00;Успешно!;1
1061;3;create_message;2025-02-17 15:53:00;Успешно!;0
1062;15;create_message;2025-02-17 04:58:00;Успешно!;0
1063;4;create_message;2025-02-17 19:06:00;Успешно!;0
1064;0;create_message;2025-02-17 09:48:00;Успешно!;1
1065;0;first_visit;2025-02-18 10:16:00;Успешно!;1
1066;0;first_visit;2025-02-18 14:47:00;Успешно!;1
1067;0;first_visit;2025-02-18 08:49:00;Успешно!;1
1068;0;first_visit;2025-02-18 03:57:00;Успешно!;1
1069;0;first_visit;2025-02-18 07:40:00;Успешно!;1
1070;0;first_visit;2025-02-18 10:20:00;Успешно!;1
1071;0;first_visit;2025-02-18 20:38:00;Успешно!;1
1072;0;first_visit;2025-02-18 10:10:00;Успешно!;1
1073;0;first_visit;2025-02-18 01:21:00;Успешно!;1
1074;0;first_visit;2025-02-18 16:18:00;Успешно!;1
1075;0;registration;2025-02-18 13:26:00;Успешно!;1
1076;0;registration;2025-02-18 20:48:00;Успешно!;1
1077;0;registration;2025-02-18 06:30:00;Успешно!;1
1078;0;registration;2025-02-18 19:35:00;Успешно!;1
1079;0;registration;2025-02-18 13:44:00;Успешно!;1
1080;0;registration;2025-02-18 10:38:00;Успешно!;1
1081;7;login;2025-02-18 21:20:00;Успешно!;0
1082;17;login;2025-02-18 21:35:00;Успешно!;0
1083;19;login;2025-02-18 19:10:00;Успешно!;0
1084;9;login;2025-02-18 22:57:00;Успешно!;0
1085;11;login;2025-02-18 21:23:00;Успешно!;0
1086;19;login;2025-02-18 21:17:00;Успешно!;0
1087;19;login;2025-02-18 22:21:00;Успешно!;0
1088;12;logout;2025-02-18 17:06:00;Успешно!;0
1089;14;logout;2025-02-18 23:47:00;Успешно!;0
1090;10;logout;2025-02-18 09:30:00;Успешно!;0
1091;3;logout;2025-02-18 07:21:00;Успешно!;0
1092;21;logout;2025-02-18 01:33:00;Успешно!;0
1093;7;logout;2025-02-18 09:58:00;Успешно!;0
1094;3;logout;2025-02-18 03:35:00;Успешно!;0
1095;17;logout;2025-02-18 04:27:00;Успешно!;0
1096;14;logout;2025-02-18 03:01:00;Успешно!;0
1097;15;logout;2025-02-18 15:25:00;Успешно!;0
1098;0;create_theme;2025-02-18 04:15:00;Ошибка создания темы по причине отсутствия логина;1
1099;0;create_theme;2025-02-18 14:29:00;Ошибка создания темы по причине отсутствия логина;1
1100;8;create_theme;2025-02-18 01:43:00;Успешно!;0
1101;3;create_theme;2025-02-18 23:40:00;Успешно!;0
1102;18;create_theme;2025-02-18 12:46:00;Успешно!;0
1103;8;create_theme;2025-02-18 17:12:00;Успешно!;0
1104;6;create_theme;2025-02-18 16:43:00;Успешно!;0
1105;3;create_theme;2025-02-18 07:11:00;Успешно!;0
1106;11;create_theme;2025-02-18 16:11:00;Успешно!;0
1107;14;create_theme;2025-02-18 22:56:00;Успешно!;0
1108;17;create_theme;2025-02-18 06:03:00;Успешно!;0
1109;2;create_theme;2025-02-18 10:26:00;Успешно!;0
1110;0;view_theme;2025-02-18 21:26:00;Успешно!;1
1111;0;view_theme;2025-02-18 22:31:00;Успешно!;1
1112;15;view_theme;2025-02-18 13:36:00;Успешно!;0
1113;0;view_theme;2025-02-18 09:04:00;Успешно!;1
1114;0;view_theme;2025-02-18 06:03:00;Успешно!;1
1115;3;delete_theme;2025-02-18 09:31:00;Успешно!;0
1116;9;delete_theme;2025-02-18 04:44:00;Успешно!;0
1117;17;delete_theme;2025-02-18 23:49:00;Успешно!;0
1118;5;delete_theme;2025-02-18 16:39:00;Успешно!;0
1119;17;delete_theme;2025-02-18 08:59:00;Успешно!;0
1120;16;delete_theme;2025-02-18 14:52:00;Успешно!;0
1121;0;create_message;2025-02-18 11:41:00;Успешно!;1
1122;0;create_message;2025-02-18 17:37:00;Успешно!;1
1123;16;create_message;2025-02-18 15:52:00;Успешно!;0
1124;17;create_message;2025-02-18 06:49:00;Успешно!;0
1125;20;create_message;2025-02-18 07:33:00;Успешно!;0
1126;0;first_visit;2025-02-19 21:47:00;Успешно!;1
1127;0;first_visit;2025-02-19 02:06:00;Успешно!;1
1128;0;first_visit;2025-02-19 03:35:00;Успешно!;1
1129;0;first_visit;2025-02-19 20:19:00;Успешно!;1
1130;0;first_visit;2025-02-19 04:24:00;Успешно!;1
1131;0;first_visit;2025-02-19 16:31:00;Успешно!;1
1132;0;first_visit;2025-02-19 08:00:00;Успешно!;1
1133;0;first_visit;2025-02-19 18:29:00;Успешно!;1
1134;0;registration;2025-02-19 22:02:00;Успешно!;1
1135;0;registration;2025-02-19 13:18:00;Успешно!;1
1136;0;registration;2025-02-19 04:19:00;Успешно!;1
1137;0;registration;2025-02-19 11:48:00;Успешно!;1
1138;0;registration;2025-02-19 20:40:00;Успешно!;1
1139;0;registration;2025-02-19 14:24:00;Успешно!;1
1140;0;registration;2025-02-19 17:53:00;Успешно!;1
1141;0;registration;2025-02-19 18:11:00;Успешно!;1
1142;0;registration;2025-02-19 06:47:00;Успешно!;1
1143;17;login;2025-02-19 12:13:00;Успешно!;0
1144;16;login;2025-02-19 20:49:00;Успешно!;0
1145;9;login;2025-02-19 09:13:00;Успешно!;0
1146;17;login;2025-02-19 23:51:00;Успешно!;0
1147;7;login;2025-02-19 05:59:00;Успешно!;0
1148;1;logout;2025-02-19 16:44:00;Успешно!;0
1149;4;logout;2025-02-19 18:16:00;Успешно!;0
1150;8;logout;2025-02-19 12:23:00;Успешно!;0
1151;8;logout;2025-02-19 16:18:00;Успешно!;0
1152;6;logout;2025-02-19 01:15:00;Успешно!;0
1153;9;logout;2025-02-19 11:37:00;Успешно!;0
1154;3;logout;2025-02-19 05:01:00;Успешно!;0
1155;9;logout;2025-02-19 23:38:00;Успешно!;0
1156;0;create_theme;2025-02-19 05:18:00;Ошибка создания темы по причине отсутствия логина;1
1157;0;create_theme;2025-02-19 08:29:00;Ошибка создания темы по причине отсутствия логина;1
1158;17;create_theme;2025-02-19 12:27:00;Успешно!;0
1159;20;create_theme;2025-02-19 07:39:00;Успешно!;0
1160;16;create_theme;2025-02-19 08:46:00;Успешно!;0
1161;15;create_theme;2025-02-19 23:57:00;Успешно!;0
1162;15;create_theme;2025-02-19 14:20:00;Успешно!;0
1163;0;view_theme;2025-02-19 12:04:00;Успешно!;1
1164;6;view_theme;2025-02-19 23:58:00;Успешно!;0
1165;5;view_theme;2025-02-19 00:35:00;Успешно!;0
1166;1;view_theme;2025-02-19 11:31:00;Успешно!;0
1167;0;view_theme;2025-02-19 13:21:00;Успешно!;1
1168;17;view_theme;2025-02-19 09:17:00;Успешно!;0
1169;5;view_theme;2025-02-19 16:18:00;Успешно!;0
1170;0;view_theme;2025-02-19 02:02:00;Успешно!;1
1171;0;view_theme;2025-02-19 23:39:00;Успешно!;1
1172;18;delete_theme;2025-02-19 18:18:00;Успешно!;0
1173;13;delete_theme;2025-02-19 07:13:00;Успешно!;0
1174;4;delete_theme;2025-02-19 10:52:00;Успешно!;0
1175;6;delete_theme;2025-02-19 14:06:00;Успешно!;0
1176;6;delete_theme;2025-02-19 05:36:00;Успешно!;0
1177;9;delete_theme;2025-02-19 05:14:00;Успешно!;0
1178;0;create_message;2025-02-19 16:35:00;Успешно!;1
1179;15;create_message;2025-02-19 19:17:00;Успешно!;0
1180;0;create_message;2025-02-19 11:08:00;Успешно!;1
1181;6;create_message;2025-02-19 21:06:00;Успешно!;0
1182;0;create_message;2025-02-19 05:56:00;Успешно!;1
1183;0;create_message;2025-02-19 19:43:00;Успешно!;1
1184;4;create_message;2025-02-19 03:05:00;Успешно!;0
1185;0;first_visit;2025-02-20 10:11:00;Успешно!;1
1186;0;first_visit;2025-02-20 02:17:00;Успешно!;1
1187;0;first_visit;2025-02-20 04:23:00;Успешно!;1
1188;0;first_visit;2025-02-20 01:14:00;Успешно!;1
1189;0;first_visit;2025-02-20 02:08:00;Успешно!;1
1190;0;first_visit;2025-02-20 07:22:00;Успешно!;1
1191;0;registration;2025-02-20 20:40:00;Успешно!;1
1192;0;registration;2025-02-20 16:59:00;Успешно!;1
1193;0;registration;2025-02-20 10:59:00;Успешно!;1
1194;0;registration;2025-02-20 10:36:00;Успешно!;1
1195;0;registration;2025-02-20 14:28:00;Успешно!;1
1196;0;registration;2025-02-20 14:50:00;Успешно!;1
1197;0;registration;2025-02-20 13:23:00;Успешно!;1
1198;0;registration;2025-02-20 21:57:00;Успешно!;1
1199;14;login;2025-02-20 10:57:00;Успешно!;0
1200;8;login;2025-02-20 04:47:00;Успешно!;0
1201;8;login;2025-02-20 01:09:00;Успешно!;0
1202;8;login;2025-02-20 07:04:00;Успешно!;0
1203;4;login;2025-02-20 23:53:00;Успешно!;0
1204;3;login;2025-02-20 13:43:00;Успешно!;0
1205;7;login;2025-02-20 07:49:00;Успешно!;0
1206;4;logout;2025-02-20 02:00:00;Успешно!;0
1207;7;logout;2025-02-20 13:21:00;Успешно!;0
1208;16;logout;2025-02-20 15:58:00;Успешно!;0
1209;19;logout;2025-02-20 10:23:00;Успешно!;0
1210;11;logout;2025-02-20 11:44:00;Успешно!;0
1211;19;logout;2025-02-20 16:37:00;Успешно!;0
1212;0;create_theme;2025-02-20 00:06:00;Ошибка создания темы по причине отсутствия логина;1
1213;0;create_theme;2025-02-20 09:25:00;Ошибка создания темы по причине отсутствия логина;1
1214;6;create_theme;2025-02-20 12:26:00;Успешно!;0
1215;1;create_theme;2025-02-20 06:06:00;Успешно!;0
1216;6;create_theme;2025-02-20 22:37:00;Успешно!;0
1217;17;create_theme;2025-02-20 09:41:00;Успешно!;0
1218;5;create_theme;2025-02-20 01:06:00;Успешно!;0
1219;10;create_theme;2025-02-20 00:10:00;Успешно!;0
1220;9;create_theme;2025-02-20 00:56:00;Успешно!;0
1221;9;view_theme;2025-02-20 22:34:00;Успешно!;0
1222;0;view_theme;2025-02-20 08:48:00;Успешно!;1
1223;17;view_theme;2025-02-20 22:29:00;Успешно!;0
1224;0;view_theme;2025-02-20 12:15:00;Успешно!;1
1225;3;view_theme;2025-02-20 21:52:00;Успешно!;0
1226;0;view_theme;2025-02-20 15:31:00;Успешно!;1
1227;15;delete_theme;2025-02-20 13:09:00;Успешно!;0
1228;6;delete_theme;2025-02-20 06:09:00;Успешно!;0
1229;21;delete_theme;2025-02-20 22:35:00;Успешно!;0
1230;10;delete_theme;2025-02-20 05:14:00;Успешно!;0
1231;11;delete_theme;2025-02-20 00:56:00;Успешно!;0
1232;7;delete_theme;2025-02-20 04:51:00;Успешно!;0
1233;21;delete_theme;2025-02-20 21:20:00;Успешно!;0
1234;0;create_message;2025-02-20 20:08:00;Успешно!;1
1235;15;create_message;2025-02-20 10:08:00;Успешно!;0
1236;21;create_message;2025-02-20 10:32:00;Успешно!;0
1237;0;create_message;2025-02-20 05:23:00;Успешно!;1
1238;16;create_message;2025-02-20 05:20:00;Успешно!;0
1239;16;create_message;2025-02-20 01:28:00;Успешно!;0
1240;0;create_message;2025-02-20 23:55:00;Успешно!;1
1241;14;create_message;2025-02-20 22:17:00;Успешно!;0
1242;0;create_message;2025-02-20 14:55:00;Успешно!;1
1243;0;first_visit;2025-02-21 23:10:00;Успешно!;1
1244;0;first_visit;2025-02-21 11:18:00;Успешно!;1
1245;0;first_visit;2025-02-21 07:32:00;Успешно!;1
1246;0;first_visit;2025-02-21 19:35:00;Успешно!;1
1247;0;first_visit;2025-02-21 04:33:00;Успешно!;1
1248;0;first_visit;2025-02-21 00:21:00;Успешно!;1
1249;0;first_visit;2025-02-21 01:00:00;Успешно!;1
1250;0;registration;2025-02-21 15:31:00;Успешно!;1
1251;0;registration;2025-02-21 16:09:00;Успешно!;1
1252;0;registration;2025-02-21 01:35:00;Успешно!;1
1253;0;registration;2025-02-21 07:28:00;Успешно!;1
1254;0;registration;2025-02-21 14:12:00;Успешно!;1
1255;5;login;2025-02-21 18:33:00;Успешно!;0
1256;6;login;2025-02-21 18:03:00;Успешно!;0
1257;10;login;2025-02-21 20:21:00;Успешно!;0
1258;3;login;2025-02-21 02:41:00;Успешно!;0
1259;9;login;2025-02-21 09:01:00;Успешно!;0
1260;7;login;2025-02-21 06:17:00;Успешно!;0
1261;12;logout;2025-02-21 15:36:00;Успешно!;0
1262;10;logout;2025-02-21 16:45:00;Успешно!;0
1263;1;logout;2025-02-21 03:54:00;Успешно!;0
1264;9;logout;2025-02-21 04:45:00;Успешно!;0
1265;10;logout;2025-02-21 14:38:00;Успешно!;0
1266;10;logout;2025-02-21 18:29:00;Успешно!;0
1267;10;logout;2025-02-21 11:19:00;Успешно!;0
1268;2;logout;2025-02-21 13:22:00;Успешно!;0
1269;7;logout;2025-02-21 07:30:00;Успешно!;0
1270;7;logout;2025-02-21 01:35:00;Успешно!;0
1271;0;create_theme;2025-02-21 08:41:00;Ошибка создания темы по причине отсутствия логина;1
1272;0;create_theme;2025-02-21 18:09:00;Ошибка создания темы по причине отсутствия логина;1
1273;14;create_theme;2025-02-21 14:45:00;Успешно!;0
1274;12;create_theme;2025-02-21 03:52:00;Успешно!;0
1275;20;create_theme;2025-02-21 12:22:00;Успешно!;0
1276;8;create_theme;2025-02-21 17:12:00;Успешно!;0
1277;5;create_theme;2025-02-21 18:54:00;Успешно!;0
1278;13;create_theme;2025-02-21 14:28:00;Успешно!;0
1279;15;create_theme;2025-02-21 09:25:00;Успешно!;0
1280;9;create_theme;2025-02-21 19:14:00;Успешно!;0
1281;20;create_theme;2025-02-21 21:12:00;Успешно!;0
1282;2;create_theme;2025-02-21 06:43:00;Успешно!;0
1283;21;view_theme;2025-02-21 23:07:00;Успешно!;0
1284;0;view_theme;2025-02-21 21:42:00;Успешно!;1
1285;14;view_theme;2025-02-21 05:28:00;Успешно!;0
1286;0;view_theme;2025-02-21 05:47:00;Успешно!;1
1287;0;view_theme;2025-02-21 22:17:00;Успешно!;1
1288;7;view_theme;2025-02-21 21:38:00;Успешно!;0
1289;2;view_theme;2025-02-21 03:36:00;Успешно!;0
1290;0;view_theme;2025-02-21 01:00:00;Успешно!;1
1291;14;view_theme;2025-02-21 06:45:00;Успешно!;0
1292;11;delete_theme;2025-02-21 11:55:00;Успешно!;0
1293;3;delete_theme;2025-02-21 23:40:00;Успешно!;0
1294;15;delete_theme;2025-02-21 19:48:00;Успешно!;0
1295;6;delete_theme;2025-02-21 20:23:00;Успешно!;0
1296;5;delete_theme;2025-02-21 22:21:00;Успешно!;0
1297;21;delete_theme;2025-02-21 04:05:00;Успешно!;0
1298;7;create_message;2025-02-21 00:33:00;Успешно!;0
1299;0;create_message;2025-02-21 17:24:00;Успешно!;1
1300;12;create_message;2025-02-21 08:23:00;Успешно!;0
1301;3;create_message;2025-02-21 00:35:00;Успешно!;0
1302;0;create_message;2025-02-21 16:46:00;Успешно!;1
1303;13;create_message;2025-02-21 07:57:00;Успешно!;0
1304;11;create_message;2025-02-21 23:06:00;Успешно!;0
1305;0;first_visit;2025-02-22 15:36:00;Успешно!;1
1306;0;first_visit;2025-02-22 10:20:00;Успешно!;1
1307;0;first_visit;2025-02-22 19:00:00;Успешно!;1
1308;0;first_visit;2025-02-22 11:16:00;Успешно!;1
1309;0;first_visit;2025-02-22 21:26:00;Успешно!;1
1310;0;first_visit;2025-02-22 22:43:00;Успешно!;1
1311;0;first_visit;2025-02-22 14:59:00;Успешно!;1
1312;0;registration;2025-02-22 07:06:00;Успешно!;1
1313;0;registration;2025-02-22 21:50:00;Успешно!;1
1314;0;registration;2025-02-22 12:19:00;Успешно!;1
1315;0;registration;2025-02-22 18:28:00;Успешно!;1
1316;0;registration;2025-02-22 03:53:00;Успешно!;1
1317;0;registration;2025-02-22 16:03:00;Успешно!;1
1318;0;registration;2025-02-22 03:11:00;Успешно!;1
1319;7;login;2025-02-22 17:49:00;Успешно!;0
1320;2;login;2025-02-22 03:40:00;Успешно!;0
1321;13;login;2025-02-22 23:46:00;Успешно!;0
1322;3;login;2025-02-22 07:45:00;Успешно!;0
1323;20;login;2025-02-22 00:29:00;Успешно!;0
1324;16;login;2025-02-22 12:42:00;Успешно!;0
1325;5;login;2025-02-22 20:20:00;Успешно!;0
1326;15;login;2025-02-22 18:07:00;Успешно!;0
1327;17;logout;2025-02-22 18:18:00;Успешно!;0
1328;12;logout;2025-02-22 16:18:00;Успешно!;0
1329;4;logout;2025-02-22 11:39:00;Успешно!;0
1330;6;logout;2025-02-22 06:59:00;Успешно!;0
1331;11;logout;2025-02-22 20:35:00;Успешно!;0
1332;8;logout;2025-02-22 19:16:00;Успешно!;0
1333;0;create_theme;2025-02-22 13:30:00;Ошибка создания темы по причине отсутствия логина;1
1334;0;create_theme;2025-02-22 08:38:00;Ошибка создания темы по причине отсутствия логина;1
1335;15;create_theme;2025-02-22 14:29:00;Успешно!;0
1336;12;create_theme;2025-02-22 14:04:00;Успешно!;0
1337;19;create_theme;2025-02-22 07:03:00;Успешно!;0
1338;12;create_theme;2025-02-22 06:54:00;Успешно!;0
1339;5;create_theme;2025-02-22 18:26:00;Успешно!;0
1340;19;create_theme;2025-02-22 03:06:00;Успешно!;0
1341;16;create_theme;2025-02-22 18:00:00;Успешно!;0
1342;0;view_theme;2025-02-22 04:13:00;Успешно!;1
1343;0;view_theme;2025-02-22 22:54:00;Успешно!;1
1344;19;view_theme;2025-02-22 20:07:00;Успешно!;0
1345;0;view_theme;2025-02-22 14:59:00;Успешно!;1
1346;0;view_theme;2025-02-22 11:10:00;Успешно!;1
1347;1;view_theme;2025-02-22 14:34:00;Успешно!;0
1348;15;view_theme;2025-02-22 06:28:00;Успешно!;0
1349;6;delete_theme;2025-02-22 10:37:00;Успешно!;0
1350;12;delete_theme;2025-02-22 12:12:00;Успешно!;0
1351;3;delete_theme;2025-02-22 15:21:00;Успешно!;0
1352;7;delete_theme;2025-02-22 12:38:00;Успешно!;0
1353;1;delete_theme;2025-02-22 00:18:00;Успешно!;0
1354;18;delete_theme;2025-02-22 21:38:00;Успешно!;0
1355;9;delete_theme;2025-02-22 20:27:00;Успешно!;0
1356;12;delete_theme;2025-02-22 17:47:00;Успешно!;0
1357;14;delete_theme;2025-02-22 12:43:00;Успешно!;0
1358;9;delete_theme;2025-02-22 12:33:00;Успешно!;0
1359;0;create_message;2025-02-22 11:11:00;Успешно!;1
1360;0;create_message;2025-02-22 09:27:00;Успешно!;1
1361;0;create_message;2025-02-22 05:21:00;Успешно!;1
1362;13;create_message;2025-02-22 14:36:00;Успешно!;0
1363;4;create_message;2025-02-22 19:48:00;Успешно!;0
1364;0;create_message;2025-02-22 13:36:00;Успешно!;1
1365;0;first_visit;2025-02-23 11:30:00;Успешно!;1
1366;0;first_visit;2025-02-23 00:33:00;Успешно!;1
1367;0;first_visit;2025-02-23 22:10:00;Успешно!;1
1368;0;first_visit;2025-02-23 23:44:00;Успешно!;1
1369;0;first_visit;2025-02-23 09:38:00;Успешно!;1
1370;0;first_visit;2025-02-23 15:57:00;Успешно!;1
1371;0;registration;2025-02-23 22:22:00;Успешно!;1
1372;0;registration;2025-02-23 18:23:00;Успешно!;1
1373;0;registration;2025-02-23 14:53:00;Успешно!;1
1374;0;registration;2025-02-23 08:59:00;Успешно!;1
1375;0;registration;2025-02-23 20:26:00;Успешно!;1
1376;0;registration;2025-02-23 00:57:00;Успешно!;1
1377;0;registration;2025-02-23 09:54:00;Успешно!;1
1378;0;registration;2025-02-23 22:30:00;Успешно!;1
1379;4;login;2025-02-23 10:09:00;Успешно!;0
1380;3;login;2025-02-23 07:15:00;Успешно!;0
1381;8;login;2025-02-23 03:52:00;Успешно!;0
1382;17;login;2025-02-23 02:29:00;Успешно!;0
1383;10;login;2025-02-23 12:11:00;Успешно!;0
1384;6;login;2025-02-23 23:31:00;Успешно!;0
1385;1;login;2025-02-23 18:03:00;Успешно!;0
1386;10;logout;2025-02-23 22:26:00;Успешно!;0
1387;12;logout;2025-02-23 06:44:00;Успешно!;0
1388;9;logout;2025-02-23 02:03:00;Успешно!;0
1389;10;logout;2025-02-23 02:54:00;Успешно!;0
1390;9;logout;2025-02-23 03:05:00;Успешно!;0
1391;6;logout;2025-02-23 10:15:00;Успешно!;0
1392;21;logout;2025-02-23 06:14:00;Успешно!;0
1393;13;logout;2025-02-23 10:43:00;Успешно!;0
1394;0;create_theme;2025-02-23 19:58:00;Ошибка создания темы по причине отсутствия логина;1
1395;0;create_theme;2025-02-23 01:27:00;Ошибка создания темы по причине отсутствия логина;1
1396;16;create_theme;2025-02-23 09:30:00;Успешно!;0
1397;14;create_theme;2025-02-23 10:00:00;Успешно!;0
1398;7;create_theme;2025-02-23 21:00:00;Успешно!;0
1399;15;create_theme;2025-02-23 07:16:00;Успешно!;0
1400;8;create_theme;2025-02-23 22:29:00;Успешно!;0
1401;12;create_theme;2025-02-23 03:45:00;Успешно!;0
1402;4;view_theme;2025-02-23 18:07:00;Успешно!;0
1403;8;view_theme;2025-02-23 21:38:00;Успешно!;0
1404;0;view_theme;2025-02-23 00:20:00;Успешно!;1
1405;16;view_theme;2025-02-23 06:26:00;Успешно!;0
1406;0;view_theme;2025-02-23 18:24:00;Успешно!;1
1407;0;view_theme;2025-02-23 03:51:00;Успешно!;1
1408;4;delete_theme;2025-02-23 12:09:00;Успешно!;0
1409;5;delete_theme;2025-02-23 01:52:00;Успешно!;0
1410;18;delete_theme;2025-02-23 19:18:00;Успешно!;0
1411;16;delete_theme;2025-02-23 20:29:00;Успешно!;0
1412;2;delete_theme;2025-02-23 16:02:00;Успешно!;0
1413;0;create_message;2025-02-23 14:32:00;Успешно!;1
1414;19;create_message;2025-02-23 11:45:00;Успешно!;0
1415;0;create_message;2025-02-23 10:22:00;Успешно!;1
1416;6;create_message;2025-02-23 17:30:00;Успешно!;0
1417;0;create_message;2025-02-23 01:55:00;Успешно!;1
1418;8;create_message;2025-02-23 19:12:00;Успешно!;0
1419;17;create_message;2025-02-23 00:41:00;Успешно!;0
1420;0;create_message;2025-02-23 23:28:00;Успешно!;1
1421;0;create_message;2025-02-23 21:00:00;Успешно!;1
1422;9;create_message;2025-02-23 11:10:00;Успешно!;0
1423;0;first_visit;2025-02-24 19:13:00;Успешно!;1
1424;0;first_visit;2025-02-24 07:00:00;Успешно!;1
1425;0;first_visit;2025-02-24 05:56:00;Успешно!;1
1426;0;first_visit;2025-02-24 21:56:00;Успешно!;1
1427;0;first_visit;2025-02-24 13:51:00;Успешно!;1
1428;0;first_visit;2025-02-24 01:21:00;Успешно!;1
1429;0;first_visit;2025-02-24 14:00:00;Успешно!;1
1430;0;first_visit;2025-02-24 08:57:00;Успешно!;1
1431;0;first_visit;2025-02-24 10:39:00;Успешно!;1
1432;0;registration;2025-02-24 06:27:00;Успешно!;1
1433;0;registration;2025-02-24 02:35:00;Успешно!;1
1434;0;registration;2025-02-24 20:01:00;Успешно!;1
1435;0;registration;2025-02-24 01:35:00;Успешно!;1
1436;0;registration;2025-02-24 03:45:00;Успешно!;1
1437;0;registration;2025-02-24 23:34:00;Успешно!;1
1438;0;registration;2025-02-24 09:33:00;Успешно!;1
1439;0;registration;2025-02-24 10:01:00;Успешно!;1
1440;15;login;2025-02-24 02:08:00;Успешно!;0
1441;2;login;2025-02-24 21:47:00;Успешно!;0
1442;3;login;2025-02-24 16:40:00;Успешно!;0
1443;3;login;2025-02-24 02:02:00;Успешно!;0
1444;14;login;2025-02-24 14:32:00;Успешно!;0
1445;10;logout;2025-02-24 13:28:00;Успешно!;0
1446;6;logout;2025-02-24 07:11:00;Успешно!;0
1447;16;logout;2025-02-24 07:35:00;Успешно!;0
1448;2;logout;2025-02-24 06:57:00;Успешно!;0
1449;9;logout;2025-02-24 20:42:00;Успешно!;0
1450;10;logout;2025-02-24 23:13:00;Успешно!;0
1451;14;logout;2025-02-24 08:29:00;Успешно!;0
1452;14;logout;2025-02-24 01:14:00;Успешно!;0
1453;0;create_theme;2025-02-24 07:20:00;Ошибка создания темы по причине отсутствия логина;1
1454;0;create_theme;2025-02-24 07:42:00;Ошибка создания темы по причине отсутствия логина;1
1455;1;create_theme;2025-02-24 14:27:00;Успешно!;0
1456;3;create_theme;2025-02-24 21:06:00;Успешно!;0
1457;10;create_theme;2025-02-24 03:29:00;Успешно!;0
1458;13;create_theme;2025-02-24 09:59:00;Успешно!;0
1459;20;create_theme;2025-02-24 16:06:00;Успешно!;0
1460;7;create_theme;2025-02-24 06:07:00;Успешно!;0
1461;0;view_theme;2025-02-24 06:00:00;Успешно!;1
1462;16;view_theme;2025-02-24 14:14:00;Успешно!;0
1463;0;view_theme;2025-02-24 17:32:00;Успешно!;1
1464;8;view_theme;2025-02-24 10:21:00;Успешно!;0
1465;14;view_theme;2025-02-24 03:16:00;Успешно!;0
1466;8;view_theme;2025-02-24 09:40:00;Успешно!;0
1467;0;view_theme;2025-02-24 07:25:00;Успешно!;1
1468;0;view_theme;2025-02-24 16:36:00;Успешно!;1
1469;12;view_theme;2025-02-24 16:19:00;Успешно!;0
1470;9;view_theme;2025-02-24 04:25:00;Успешно!;0
1471;10;delete_theme;2025-02-24 08:19:00;Успешно!;0
1472;14;delete_theme;2025-02-24 16:53:00;Успешно!;0
1473;3;delete_theme;2025-02-24 00:42:00;Успешно!;0
1474;7;delete_theme;2025-02-24 19:46:00;Успешно!;0
1475;14;delete_theme;2025-02-24 16:36:00;Успешно!;0
1476;19;delete_theme;2025-02-24 01:11:00;Успешно!;0
1477;21;create_message;2025-02-24 13:35:00;Успешно!;0
1478;3;create_message;2025-02-24 08:16:00;Успешно!;0
1479;0;create_message;2025-02-24 01:08:00;Успешно!;1
1480;21;create_message;2025-02-24 11:31:00;Успешно!;0
1481;0;create_message;2025-02-24 00:41:00;Успешно!;1
1482;7;create_message;2025-02-24 23:21:00;Успешно!;0
1483;21;create_message;2025-02-24 00:12:00;Успешно!;0
1484;0;create_message;2025-02-24 02:02:00;Успешно!;1
1485;0;create_message;2025-02-24 19:55:00;Успешно!;1
1486;0;first_visit;2025-02-25 19:22:00;Успешно!;1
1487;0;first_visit;2025-02-25 19:21:00;Успешно!;1
1488;0;first_visit;2025-02-25 07:05:00;Успешно!;1
1489;0;first_visit;2025-02-25 04:31:00;Успешно!;1
1490;0;first_visit;2025-02-25 23:46:00;Успешно!;1
1491;0;first_visit;2025-02-25 16:48:00;Успешно!;1
1492;0;first_visit;2025-02-25 19:34:00;Успешно!;1
1493;0;first_visit;2025-02-25 04:40:00;Успешно!;1
1494;0;first_visit;2025-02-25 03:15:00;Успешно!;1
1495;0;registration;2025-02-25 16:56:00;Успешно!;1
1496;0;registration;2025-02-25 06:00:00;Успешно!;1
1497;0;registration;2025-02-25 20:22:00;Успешно!;1
1498;0;registration;2025-02-25 12:18:00;Успешно!;1
1499;0;registration;2025-02-25 09:02:00;Успешно!;1
1500;7;login;2025-02-25 14:26:00;Успешно!;0
1501;11;login;2025-02-25 17:18:00;Успешно!;0
1502;14;login;2025-02-25 12:22:00;Успешно!;0
1503;19;login;2025-02-25 01:25:00;Успешно!;0
1504;1;login;2025-02-25 08:46:00;Успешно!;0
1505;7;login;2025-02-25 23:47:00;Успешно!;0
1506;17;logout;2025-02-25 12:24:00;Успешно!;0
1507;14;logout;2025-02-25 23:31:00;Успешно!;0
1508;5;logout;2025-02-25 22:37:00;Успешно!;0
1509;11;logout;2025-02-25 08:37:00;Успешно!;0
1510;21;logout;2025-02-25 17:01:00;Успешно!;0
1511;6;logout;2025-02-25 16:39:00;Успешно!;0
1512;11;logout;2025-02-25 03:08:00;Успешно!;0
1513;12;logout;2025-02-25 09:10:00;Успешно!;0
1514;6;logout;2025-02-25 21:15:00;Успешно!;0
1515;19;logout;2025-02-25 21:08:00;Успешно!;0
1516;0;create_theme;2025-02-25 09:52:00;Ошибка создания темы по причине отсутствия логина;1
1517;0;create_theme;2025-02-25 20:40:00;Ошибка создания темы по причине отсутствия логина;1
1518;2;create_theme;2025-02-25 17:02:00;Успешно!;0
1519;20;create_theme;2025-02-25 13:48:00;Успешно!;0
1520;3;create_theme;2025-02-25 10:27:00;Успешно!;0
1521;1;create_theme;2025-02-25 21:16:00;Успешно!;0
1522;3;create_theme;2025-02-25 15:48:00;Успешно!;0
1523;13;create_theme;2025-02-25 09:37:00;Успешно!;0
1524;12;create_theme;2025-02-25 02:12:00;Успешно!;0
1525;18;create_theme;2025-02-25 04:03:00;Успешно!;0
1526;14;create_theme;2025-02-25 09:25:00;Успешно!;0
1527;8;create_theme;2025-02-25 18:21:00;Успешно!;0
1528;0;view_theme;2025-02-25 15:56:00;Успешно!;1
1529;2;view_theme;2025-02-25 19:19:00;Успешно!;0
1530;0;view_theme;2025-02-25 02:56:00;Успешно!;1
1531;0;view_theme;2025-02-25 16:09:00;Успешно!;1
1532;0;view_theme;2025-02-25 13:50:00;Успешно!;1
1533;2;view_theme;2025-02-25 03:52:00;Успешно!;0
1534;16;view_theme;2025-02-25 14:56:00;Успешно!;0
1535;0;view_theme;2025-02-25 05:45:00;Успешно!;1
1536;0;view_theme;2025-02-25 13:01:00;Успешно!;1
1537;21;view_theme;2025-02-25 01:10:00;Успешно!;0
1538;11;delete_theme;2025-02-25 07:01:00;Успешно!;0
1539;2;delete_theme;2025-02-25 20:17:00;Успешно!;0
1540;16;delete_theme;2025-02-25 22:50:00;Успешно!;0
1541;21;delete_theme;2025-02-25 17:54:00;Успешно!;0
1542;13;delete_theme;2025-02-25 05:28:00;Успешно!;0
1543;11;delete_theme;2025-02-25 07:38:00;Успешно!;0
1544;1;delete_theme;2025-02-25 22:15:00;Успешно!;0
1545;12;delete_theme;2025-02-25 01:14:00;Успешно!;0
1546;9;create_message;2025-02-25 19:58:00;Успешно!;0
1547;7;create_message;2025-02-25 05:03:00;Успешно!;0
1548;3;create_message;2025-02-25 19:48:00;Успешно!;0
1549;0;create_message;2025-02-25 20:50:00;Успешно!;1
1550;0;create_message;2025-02-25 07:35:00;Успешно!;1
1551;0;create_message;2025-02-25 13:08:00;Успешно!;1
1552;1;create_message;2025-02-25 07:27:00;Успешно!;0
1553;9;create_message;2025-02-25 04:38:00;Успешно!;0
1554;0;first_visit;2025-02-26 15:26:00;Успешно!;1
1555;0;first_visit;2025-02-26 18:20:00;Успешно!;1
1556;0;first_visit;2025-02-26 22:34:00;Успешно!;1
1557;0;first_visit;2025-02-26 20:33:00;Успешно!;1
1558;0;first_visit;2025-02-26 12:23:00;Успешно!;1
1559;0;first_visit;2025-02-26 16:12:00;Успешно!;1
1560;0;first_visit;2025-02-26 01:24:00;Успешно!;1
1561;0;first_visit;2025-02-26 17:38:00;Успешно!;1
1562;0;first_visit;2025-02-26 16:09:00;Успешно!;1
1563;0;registration;2025-02-26 18:08:00;Успешно!;1
1564;0;registration;2025-02-26 20:18:00;Успешно!;1
1565;0;registration;2025-02-26 02:19:00;Успешно!;1
1566;0;registration;2025-02-26 17:01:00;Успешно!;1
1567;0;registration;2025-02-26 05:42:00;Успешно!;1
1568;0;registration;2025-02-26 02:02:00;Успешно!;1
1569;0;registration;2025-02-26 16:08:00;Успешно!;1
1570;0;registration;2025-02-26 20:54:00;Успешно!;1
1571;12;login;2025-02-26 17:54:00;Успешно!;0
1572;3;login;2025-02-26 20:22:00;Успешно!;0
1573;18;login;2025-02-26 05:38:00;Успешно!;0
1574;12;login;2025-02-26 23:44:00;Успешно!;0
1575;9;login;2025-02-26 04:24:00;Успешно!;0
1576;19;logout;2025-02-26 04:14:00;Успешно!;0
1577;5;logout;2025-02-26 08:45:00;Успешно!;0
1578;13;logout;2025-02-26 10:32:00;Успешно!;0
1579;3;logout;2025-02-26 09:59:00;Успешно!;0
1580;10;logout;2025-02-26 07:07:00;Успешно!;0
1581;8;logout;2025-02-26 06:08:00;Успешно!;0
1582;15;logout;2025-02-26 11:08:00;Успешно!;0
1583;0;create_theme;2025-02-26 17:01:00;Ошибка создания темы по причине отсутствия логина;1
1584;0;create_theme;2025-02-26 13:07:00;Ошибка создания темы по причине отсутствия логина;1
1585;18;create_theme;2025-02-26 12:01:00;Успешно!;0
1586;11;create_theme;2025-02-26 04:18:00;Успешно!;0
1587;14;create_theme;2025-02-26 14:19:00;Успешно!;0
1588;4;create_theme;2025-02-26 19:20:00;Успешно!;0
1589;17;create_theme;2025-02-26 02:43:00;Успешно!;0
1590;19;create_theme;2025-02-26 20:45:00;Успешно!;0
1591;3;create_theme;2025-02-26 07:47:00;Успешно!;0
1592;5;view_theme;2025-02-26 08:00:00;Успешно!;0
1593;0;view_theme;2025-02-26 00:59:00;Успешно!;1
1594;0;view_theme;2025-02-26 10:52:00;Успешно!;1
1595;0;view_theme;2025-02-26 10:22:00;Успешно!;1
1596;0;view_theme;2025-02-26 09:06:00;Успешно!;1
1597;0;view_theme;2025-02-26 08:30:00;Успешно!;1
1598;0;view_theme;2025-02-26 04:06:00;Успешно!;1
1599;7;view_theme;2025-02-26 00:38:00;Успешно!;0
1600;0;view_theme;2025-02-26 20:10:00;Успешно!;1
1601;0;view_theme;2025-02-26 06:07:00;Успешно!;1
1602;1;delete_theme;2025-02-26 21:46:00;Успешно!;0
1603;2;delete_theme;2025-02-26 20:27:00;Успешно!;0
1604;6;delete_theme;2025-02-26 02:59:00;Успешно!;0
1605;17;delete_theme;2025-02-26 08:26:00;Успешно!;0
1606;20;delete_theme;2025-02-26 07:26:00;Успешно!;0
1607;0;create_message;2025-02-26 13:21:00;Успешно!;1
1608;0;create_message;2025-02-26 18:31:00;Успешно!;1
1609;17;create_message;2025-02-26 14:15:00;Успешно!;0
1610;14;create_message;2025-02-26 05:10:00;Успешно!;0
1611;20;create_message;2025-02-26 10:24:00;Успешно!;0
1612;0;create_message;2025-02-26 11:12:00;Успешно!;1
1613;0;create_message;2025-02-26 09:01:00;Успешно!;1
1614;17;create_message;2025-02-26 00:07:00;Успешно!;0
1615;0;create_message;2025-02-26 13:19:00;Успешно!;1
1616;0;first_visit;2025-02-27 07:40:00;Успешно!;1
1617;0;first_visit;2025-02-27 00:18:00;Успешно!;1
1618;0;first_visit;2025-02-27 10:04:00;Успешно!;1
1619;0;first_visit;2025-02-27 08:26:00;Успешно!;1
1620;0;first_visit;2025-02-27 17:27:00;Успешно!;1
1621;0;first_visit;2025-02-27 09:10:00;Успешно!;1
1622;0;first_visit;2025-02-27 16:24:00;Успешно!;1
1623;0;first_visit;2025-02-27 21:43:00;Успешно!;1
1624;0;registration;2025-02-27 13:07:00;Успешно!;1
1625;0;registration;2025-02-27 22:03:00;Успешно!;1
1626;0;registration;2025-02-27 09:10:00;Успешно!;1
1627;0;registration;2025-02-27 08:17:00;Успешно!;1
1628;0;registration;2025-02-27 15:48:00;Успешно!;1
1629;0;registration;2025-02-27 19:49:00;Успешно!;1
1630;0;registration;2025-02-27 04:16:00;Успешно!;1
1631;0;registration;2025-02-27 23:03:00;Успешно!;1
1632;0;registration;2025-02-27 15:57:00;Успешно!;1
1633;0;registration;2025-02-27 23:58:00;Успешно!;1
1634;13;login;2025-02-27 12:53:00;Успешно!;0
1635;19;login;2025-02-27 12:52:00;Успешно!;0
1636;14;login;2025-02-27 10:07:00;Успешно!;0
1637;15;login;2025-02-27 16:22:00;Успешно!;0
1638;13;login;2025-02-27 11:52:00;Успешно!;0
1639;21;login;2025-02-27 23:19:00;Успешно!;0
1640;5;login;2025-02-27 10:52:00;Успешно!;0
1641;4;login;2025-02-27 22:46:00;Успешно!;0
1642;10;logout;2025-02-27 19:37:00;Успешно!;0
1643;9;logout;2025-02-27 12:14:00;Успешно!;0
1644;20;logout;2025-02-27 22:52:00;Успешно!;0
1645;11;logout;2025-02-27 23:42:00;Успешно!;0
1646;9;logout;2025-02-27 09:37:00;Успешно!;0
1647;12;logout;2025-02-27 03:08:00;Успешно!;0
1648;21;logout;2025-02-27 22:50:00;Успешно!;0
1649;11;logout;2025-02-27 06:05:00;Успешно!;0
1650;15;logout;2025-02-27 07:05:00;Успешно!;0
1651;0;create_theme;2025-02-27 12:15:00;Ошибка создания темы по причине отсутствия логина;1
1652;0;create_theme;2025-02-27 23:04:00;Ошибка создания темы по причине отсутствия логина;1
1653;8;create_theme;2025-02-27 09:21:00;Успешно!;0
1654;21;create_theme;2025-02-27 01:13:00;Успешно!;0
1655;11;create_theme;2025-02-27 11:42:00;Успешно!;0
1656;21;create_theme;2025-02-27 02:12:00;Успешно!;0
1657;14;create_theme;2025-02-27 08:55:00;Успешно!;0
1658;17;create_theme;2025-02-27 14:29:00;Успешно!;0
1659;17;create_theme;2025-02-27 21:34:00;Успешно!;0
1660;7;create_theme;2025-02-27 01:02:00;Успешно!;0
1661;8;create_theme;2025-02-27 08:02:00;Успешно!;0
1662;13;create_theme;2025-02-27 06:08:00;Успешно!;0
1663;0;view_theme;2025-02-27 08:49:00;Успешно!;1
1664;15;view_theme;2025-02-27 13:22:00;Успешно!;0
1665;0;view_theme;2025-02-27 08:40:00;Успешно!;1
1666;0;view_theme;2025-02-27 01:15:00;Успешно!;1
1667;0;view_theme;2025-02-27 04:44:00;Успешно!;1
1668;5;view_theme;2025-02-27 01:01:00;Успешно!;0
1669;4;delete_theme;2025-02-27 09:30:00;Успешно!;0
1670;10;delete_theme;2025-02-27 14:20:00;Успешно!;0
1671;13;delete_theme;2025-02-27 01:06:00;Успешно!;0
1672;6;delete_theme;2025-02-27 23:50:00;Успешно!;0
1673;10;delete_theme;2025-02-27 02:19:00;Успешно!;0
1674;4;delete_theme;2025-02-27 05:31:00;Успешно!;0
1675;0;create_message;2025-02-27 21:48:00;Успешно!;1
1676;0;create_message;2025-02-27 22:02:00;Успешно!;1
1677;0;create_message;2025-02-27 17:09:00;Успешно!;1
1678;0;create_message;2025-02-27 02:22:00;Успешно!;1
1679;20;create_message;2025-02-27 02:11:00;Успешно!;0
1680;6;create_message;2025-02-27 04:13:00;Успешно!;0
1681;21;create_message;2025-02-27 09:11:00;Успешно!;0
1682;0;create_message;2025-02-27 17:44:00;Успешно!;1
1683;3;create_message;2025-02-27 18:34:00;Успешно!;0
1684;0;create_message;2025-02-27 23:31:00;Успешно!;1
1685;0;first_visit;2025-02-28 22:54:00;Успешно!;1
1686;0;first_visit;2025-02-28 11:30:00;Успешно!;1
1687;0;first_visit;2025-02-28 16:14:00;Успешно!;1
1688;0;first_visit;2025-02-28 02:00:00;Успешно!;1
1689;0;first_visit;2025-02-28 10:10:00;Успешно!;1
1690;0;first_visit;2025-02-28 08:27:00;Успешно!;1
1691;0;first_visit;2025-02-28 19:55:00;Успешно!;1
1692;0;registration;2025-02-28 21:18:00;Успешно!;1
1693;0;registration;2025-02-28 06:12:00;Успешно!;1
1694;0;registration;2025-02-28 21:07:00;Успешно!;1
1695;0;registration;2025-02-28 13:04:00;Успешно!;1
1696;0;registration;2025-02-28 12:37:00;Успешно!;1
1697;9;login;2025-02-28 07:04:00;Успешно!;0
1698;10;login;2025-02-28 03:37:00;Успешно!;0
1699;5;login;2025-02-28 09:05:00;Успешно!;0
1700;10;login;2025-02-28 19:10:00;Успешно!;0
1701;14;login;2025-02-28 05:31:00;Успешно!;0
1702;15;login;2025-02-28 21:04:00;Успешно!;0
1703;1;logout;2025-02-28 17:57:00;Успешно!;0
1704;9;logout;2025-02-28 07:52:00;Успешно!;0
1705;2;logout;2025-02-28 04:52:00;Успешно!;0
1706;8;logout;2025-02-28 09:26:00;Успешно!;0
1707;17;logout;2025-02-28 01:25:00;Успешно!;0
1708;17;logout;2025-02-28 08:34:00;Успешно!;0
1709;12;logout;2025-02-28 01:24:00;Успешно!;0
1710;21;logout;2025-02-28 11:25:00;Успешно!;0
1711;21;logout;2025-02-28 13:56:00;Успешно!;0
1712;0;create_theme;2025-02-28 05:52:00;Ошибка создания темы по причине отсутствия логина;1
1713;0;create_theme;2025-02-28 02:07:00;Ошибка создания темы по причине отсутствия логина;1
1714;3;create_theme;2025-02-28 05:36:00;Успешно!;0
1715;2;create_theme;2025-02-28 01:00:00;Успешно!;0
1716;21;create_theme;2025-02-28 05:37:00;Успешно!;0
1717;8;create_theme;2025-02-28 17:51:00;Успешно!;0
1718;14;create_theme;2025-02-28 11:05:00;Успешно!;0
1719;0;view_theme;2025-02-28 01:45:00;Успешно!;1
1720;21;view_theme;2025-02-28 01:37:00;Успешно!;0
1721;10;view_theme;2025-02-28 08:11:00;Успешно!;0
1722;19;view_theme;2025-02-28 01:18:00;Успешно!;0
1723;5;view_theme;2025-02-28 11:21:00;Успешно!;0
1724;0;view_theme;2025-02-28 11:50:00;Успешно!;1
1725;8;delete_theme;2025-02-28 20:47:00;Успешно!;0
1726;21;delete_theme;2025-02-28 11:44:00;Успешно!;0
1727;6;delete_theme;2025-02-28 11:21:00;Успешно!;0
1728;20;delete_theme;2025-02-28 12:26:00;Успешно!;0
1729;14;delete_theme;2025-02-28 04:08:00;Успешно!;0
1730;1;delete_theme;2025-02-28 20:40:00;Успешно!;0
1731;4;delete_theme;2025-02-28 17:10:00;Успешно!;0
1732;19;delete_theme;2025-02-28 18:46:00;Успешно!;0
1733;6;delete_theme;2025-02-28 15:56:00;Успешно!;0
1734;0;create_message;2025-02-28 16:03:00;Успешно!;1
1735;0;create_message;2025-02-28 13:45:00;Успешно!;1
1736;12;create_message;2025-02-28 10:32:00;Успешно!;0
1737;0;create_message;2025-02-28 09:53:00;Успешно!;1
1738;0;create_message;2025-02-28 02:05:00;Успешно!;1
1739;21;create_message;2025-02-28 04:18:00;Успешно!;0
